# Embeddings | model=sentence-transformers/all-MiniLM-L6-v2 | dim=384 | L2-normalized | vectors=39

large_cap_000	0.068635,-0.070735,-0.062468,0.022575,0.137638,0.022244,-0.003043,0.031887,-0.047357,0.014748,-0.027482,-0.042855,-0.075653,-0.016763,-0.055046,-0.037590,-0.063281,-0.040156,0.037934,-0.018109,-0.011909,-0.004472,0.002923,0.040264,0.039049,-0.033341,-0.003401,0.038226,-0.057327,-0.021075,0.005505,0.026211,0.056957,-0.046635,-0.037703,0.090567,-0.059956,0.010775,-0.013210,-0.026197,0.021808,-0.007573,0.032979,-0.029969,0.067462,-0.009807,-0.047565,0.016368,-0.017881,-0.055258,-0.033842,-0.028675,0.024244,-0.009112,0.050095,0.060285,-0.012357,-0.045797,0.045755,0.022898,-0.100745,-0.025366,0.061241,-0.059906,0.067365,-0.006723,-0.010140,0.041173,0.028043,-0.009894,-0.035230,-0.049781,-0.086643,-0.044858,-0.013588,-0.020641,-0.059947,0.093150,0.081619,-0.047392,-0.053685,0.009673,0.094001,-0.004841,-0.050229,0.026277,0.031691,-0.092168,-0.057266,-0.027716,0.038195,0.041320,0.009959,0.061657,-0.093742,-0.004731,-0.079109,-0.085115,-0.023314,0.009786,0.041605,0.010615,-0.069737,-0.069755,0.018360,-0.018646,0.010842,0.047277,0.053838,-0.021426,0.016072,0.057411,-0.069375,-0.014087,-0.035026,0.006166,-0.056850,-0.114774,-0.011152,-0.033937,0.013725,-0.020554,-0.016385,-0.104191,-0.070999,-0.002444,-0.046901,0.000000,0.000858,0.018940,0.014867,-0.009259,-0.072005,-0.049547,0.053847,0.026598,-0.057089,0.030762,0.036842,0.049307,-0.034086,0.014030,-0.026592,-0.144643,0.041956,0.128706,-0.010935,-0.034803,0.007629,0.122383,0.034041,-0.113493,0.130146,0.004302,-0.003749,0.012328,0.068442,0.073294,-0.028250,-0.002237,-0.074392,-0.055106,-0.069675,-0.050607,-0.070747,-0.075597,-0.034315,0.011476,0.035411,0.056496,-0.016770,-0.044867,-0.046065,0.064869,0.064212,0.005064,-0.034108,0.017187,-0.021295,-0.093206,0.029395,0.006895,0.082908,0.007323,-0.038371,0.034563,0.031712,0.051009,-0.018295,-0.061670,-0.156951,0.133415,-0.064251,0.076874,0.090406,0.000428,0.031759,-0.045991,0.065925,0.025617,0.000738,0.038915,-0.046602,-0.079083,-0.004802,0.155204,-0.017991,0.047201,0.025324,0.051208,0.065715,-0.028129,-0.001261,0.006064,0.004296,0.057721,-0.042088,-0.029201,-0.005002,-0.031175,0.123760,0.021283,-0.019880,-0.000000,0.041125,0.003446,-0.023043,-0.033886,0.006148,0.010953,-0.009642,0.010371,0.019463,-0.013836,0.060308,0.006733,0.038584,-0.038427,-0.056166,-0.088969,0.035616,-0.064417,-0.061350,-0.059098,0.025738,-0.046173,0.042849,0.044323,-0.020923,-0.015518,-0.037808,0.040838,-0.061745,0.072578,-0.016847,0.016069,-0.050497,0.080137,-0.009481,-0.058795,0.013806,0.020106,-0.022841,0.062616,-0.028851,-0.030440,0.045539,-0.059589,-0.001095,0.015308,-0.008535,0.009706,0.087262,0.005056,-0.056909,-0.059709,0.088484,-0.001916,-0.077995,0.017815,0.062942,0.052298,-0.006033,-0.018501,0.049664,0.006974,-0.016930,0.117299,-0.011628,0.042373,-0.065174,-0.149602,0.016164,-0.042303,0.100313,-0.020308,0.068746,0.104859,-0.087580,0.038243,0.044763,0.019339,0.037714,0.055701,0.095913,0.039894,-0.007378,0.081493,0.004488,-0.089392,-0.003862,-0.119518,-0.059601,0.010685,-0.052000,-0.050685,0.002199,0.045456,0.007830,-0.000000,0.050748,-0.000295,0.011038,-0.033162,-0.017586,-0.025517,-0.011111,-0.004833,0.031590,0.045138,-0.004751,0.082521,-0.002880,-0.055597,-0.019111,-0.063313,0.024541,0.048309,-0.006933,0.030398,0.078439,0.028219,0.065725,0.006403,0.029338,-0.009182,0.035193,0.024219,0.007793,-0.011991,0.051830,-0.011631,0.011052,0.067724,0.029986,0.118736,-0.033702,0.019305,0.044034,0.057639,0.050183,-0.002322,0.039609,-0.060387,-0.035864,0.006032,-0.080043,0.029044,0.056922,-0.065530,-0.019861,0.005749,0.002490,-0.021106,-0.012154,0.063044,-0.015810,0.012238,-0.025204,-0.019264,0.065493,-0.031494,0.031267,0.097037
large_cap_001	0.119577,-0.083246,-0.117911,0.050335,0.145033,0.037471,0.030154,0.069310,-0.068714,0.055328,-0.070945,-0.058942,-0.078561,-0.011820,-0.098073,-0.054125,-0.031231,-0.076174,0.038778,0.017844,0.003206,0.011188,0.022414,0.010137,0.035878,-0.024776,-0.005408,0.059788,-0.031829,-0.049271,0.005456,0.026331,0.040702,-0.032757,-0.046087,0.047941,-0.082371,-0.034563,-0.016375,-0.044277,0.014113,0.006451,0.046842,-0.024719,0.057920,-0.017113,-0.053872,0.003896,0.024161,0.011653,-0.021192,-0.013939,0.001285,-0.050767,0.010755,0.062966,-0.063573,-0.089872,0.033569,0.007970,-0.024916,0.007511,0.044927,-0.028675,0.103610,-0.033026,-0.022338,0.002550,0.005376,0.038682,-0.014642,-0.086548,-0.088536,-0.054469,-0.030224,0.034381,-0.049295,0.021340,0.048824,-0.027227,-0.004883,0.046274,0.116307,-0.018164,0.043573,0.004482,0.076925,-0.109476,-0.052040,0.003531,0.082517,-0.001166,-0.012954,0.069353,-0.032886,-0.021116,-0.070696,-0.026547,-0.025299,0.022647,0.061999,0.053656,-0.059752,-0.041786,-0.024907,-0.019260,0.038057,0.016308,0.043658,0.003832,0.013789,0.088090,-0.043641,-0.029409,-0.012191,0.033282,-0.075319,-0.066073,-0.000463,0.048237,0.019631,-0.046383,-0.000324,-0.041402,-0.054836,0.005466,-0.025194,0.000000,-0.042038,0.065865,-0.037144,-0.068659,-0.055006,-0.028190,0.050851,0.011538,-0.043981,0.022869,0.014122,0.098636,-0.010607,-0.031876,-0.016633,-0.098150,0.016682,0.131953,-0.008507,-0.019201,0.004426,0.049672,0.021797,-0.070519,0.076400,0.036561,-0.000165,0.011374,0.052332,0.067609,0.010799,0.029750,-0.060867,-0.079108,-0.060131,-0.047177,-0.031483,-0.033004,-0.055915,0.000248,0.004620,0.084212,0.034117,-0.015333,-0.081262,0.037181,0.078080,0.054053,-0.023175,0.043842,-0.087285,-0.118775,-0.053778,0.045917,0.052540,0.034750,-0.058796,0.013656,0.005913,0.003004,-0.004174,-0.074329,-0.100140,0.024257,-0.026666,0.122855,0.073769,-0.028324,0.044248,-0.005434,0.005165,0.004998,0.026322,0.026375,-0.012362,-0.065344,0.020963,0.112359,0.051940,0.025636,-0.029529,0.064674,0.029422,-0.058649,0.023477,-0.014637,-0.000831,0.038887,-0.069116,-0.031164,0.063456,-0.023421,0.094652,-0.041204,-0.063230,-0.000000,0.038684,-0.011352,-0.072150,0.046799,-0.015840,0.018559,-0.006482,0.065439,-0.029391,0.034015,0.091172,-0.008864,0.038259,-0.026016,-0.010426,-0.082404,-0.002163,-0.021312,-0.040959,-0.080617,0.031746,-0.012088,0.039735,0.068351,-0.021909,0.028554,-0.075278,-0.021178,-0.042261,0.020049,0.006778,0.052559,-0.080200,0.078585,-0.051244,-0.026218,0.054855,-0.012093,-0.022294,0.109343,0.019059,0.045979,0.025364,-0.107598,0.000615,-0.012450,0.022779,0.052613,0.143084,-0.011928,-0.009526,-0.068247,0.085449,0.026822,-0.088517,0.033317,0.014176,-0.004257,-0.047088,0.020496,0.077610,0.123430,-0.027071,0.094430,-0.014087,-0.002572,-0.077641,-0.083447,0.026614,-0.024541,0.043104,-0.019049,0.086807,0.096621,-0.064070,0.019370,0.085235,0.007069,0.080227,-0.001432,0.071965,0.082873,-0.014863,0.059802,-0.013222,-0.023736,0.021954,-0.078295,-0.050000,0.045697,-0.022472,-0.037069,-0.016446,0.041271,-0.020215,-0.000000,0.021205,-0.023915,0.007895,-0.044632,-0.054213,-0.009332,-0.021630,0.014337,-0.021436,0.037909,0.102394,0.030812,-0.116226,-0.002387,-0.064750,-0.052585,0.006999,0.104217,-0.020390,0.011682,0.089751,0.026366,0.033211,-0.046353,0.045744,0.007025,0.031794,0.055816,-0.017553,-0.013258,-0.018066,0.007320,-0.000407,0.042136,-0.023952,0.110151,0.018594,0.021025,0.019140,0.086811,0.035587,-0.022732,0.007050,-0.055227,-0.045827,0.008548,-0.081233,-0.022179,0.045540,-0.085068,-0.034446,-0.014498,-0.025016,0.006848,-0.038772,0.038864,-0.043856,0.001359,-0.039144,0.008765,0.052323,-0.095025,-0.014295,0.062358
large_cap_002	0.109964,-0.063892,-0.077023,0.004074,0.101758,0.027494,0.039134,0.105002,-0.064993,0.049075,-0.037823,-0.082820,-0.062844,-0.018221,-0.085522,-0.059915,-0.056796,-0.094551,0.007254,0.022266,0.026985,-0.062402,0.032837,0.007998,0.057983,-0.027512,0.009783,0.044328,0.017159,-0.022159,-0.002184,0.043711,0.042119,-0.065323,0.068743,0.053192,-0.056220,-0.010565,0.003050,-0.045806,0.002783,0.006584,-0.022425,-0.034678,0.059866,-0.039295,-0.077223,0.063805,0.017202,-0.006901,0.040227,0.013087,0.006464,-0.007930,0.006356,0.019401,0.016540,-0.021064,0.038086,0.041710,-0.085501,-0.008952,0.051097,-0.063843,0.051989,0.008553,0.001725,-0.002426,-0.015530,0.035940,-0.054675,-0.056113,-0.125601,-0.093371,-0.046953,0.012928,-0.002744,0.068964,0.037517,-0.034168,-0.025464,0.022199,0.051328,-0.027483,-0.045656,-0.031818,0.042730,-0.098398,-0.017657,-0.007119,0.065819,0.066768,-0.002204,0.050404,-0.028241,0.002859,-0.061416,-0.001893,-0.022652,-0.028688,0.033851,0.003915,-0.021865,-0.094967,-0.006341,0.003264,0.024863,-0.015398,0.032694,-0.013204,-0.015077,0.035843,-0.022094,-0.031258,-0.007827,0.031370,-0.018508,-0.109904,-0.001537,-0.001248,0.024885,0.001755,-0.003998,-0.103308,-0.086292,-0.054748,-0.046069,0.000000,-0.013139,0.019191,-0.037045,-0.029922,-0.080706,-0.049755,0.076281,0.032116,-0.027946,-0.004783,0.007556,0.031086,-0.069211,-0.056473,0.003319,-0.120037,0.046449,0.126822,0.015355,-0.017829,-0.040587,0.012848,0.058215,-0.068023,0.146841,0.009766,-0.011418,-0.041441,0.079521,0.049859,0.041769,0.004379,-0.033693,-0.029219,-0.078608,-0.036841,0.023169,-0.018566,-0.028829,0.007825,-0.009937,0.072730,0.029949,-0.056770,-0.078639,0.012393,0.135589,0.008213,-0.035962,0.035237,-0.056685,-0.103504,-0.033469,0.042171,0.065585,-0.018081,-0.054966,-0.031652,0.015727,0.056623,-0.001007,-0.077783,-0.106998,0.066420,-0.009841,0.096124,0.057419,0.001906,0.005003,-0.051560,0.020259,-0.057428,0.036194,-0.006312,0.020465,-0.033984,0.012547,0.109037,0.038200,0.046035,-0.023305,0.052201,0.022495,-0.047184,-0.000847,-0.014466,0.052212,0.049813,-0.087028,-0.053555,0.023033,-0.050782,0.069409,-0.016053,0.009602,-0.000000,0.045565,0.049670,0.006638,-0.007589,0.002109,0.066836,0.044488,0.058627,0.010785,0.026954,0.022658,-0.000645,0.013946,-0.033531,-0.084274,-0.090385,0.014251,-0.010966,-0.034395,-0.041870,0.048623,-0.046373,0.077336,0.088045,-0.012202,0.019087,-0.082982,0.023398,-0.030076,0.034800,0.000553,0.017656,-0.072830,0.058895,-0.034496,-0.080578,0.032106,0.056306,0.035790,0.058784,0.020370,-0.007925,0.046992,-0.081492,0.018165,-0.097869,-0.007801,-0.023443,0.089256,-0.043023,-0.007050,-0.086767,0.051904,0.029295,-0.083071,0.053101,0.087829,0.032298,-0.044566,-0.028842,0.070574,0.071399,-0.043764,0.088447,-0.016169,-0.016821,-0.020978,-0.100083,0.071651,-0.104414,0.040663,0.018335,0.096853,0.072917,-0.045317,0.034906,0.037194,-0.045713,0.123543,0.049275,0.006984,0.092528,-0.026896,0.013137,-0.019763,-0.096019,0.027435,-0.130916,-0.057592,0.048887,-0.090785,-0.051454,0.038331,0.056935,-0.016852,-0.000000,0.020872,0.017705,0.030704,-0.017021,-0.016751,-0.050746,-0.014840,0.011514,0.017002,0.051641,0.067558,0.052473,-0.036297,-0.011296,-0.067068,-0.059236,0.007965,0.065681,-0.013000,-0.012264,0.078568,0.020599,0.018511,0.011252,0.025513,-0.010363,0.063994,0.015249,-0.014175,-0.002787,0.039718,-0.004259,-0.000901,0.040551,-0.035975,0.086342,-0.007811,0.002571,-0.007794,0.132554,0.036202,-0.030504,0.039103,-0.085579,-0.024572,0.025639,-0.129082,0.042617,0.027212,-0.074349,0.055218,0.005430,-0.056616,-0.018583,-0.012711,0.030426,-0.029113,0.086619,-0.055250,-0.008227,0.045056,-0.037487,-0.009521,0.059200
large_cap_003	0.014495,-0.038283,-0.064903,-0.006925,0.069053,-0.004899,0.097215,0.010279,-0.047569,0.008832,0.042694,0.004484,-0.056490,0.008247,-0.054103,-0.042920,-0.029359,-0.024909,-0.049933,0.049940,0.078767,-0.018144,0.030931,0.040620,0.077200,-0.058478,0.022779,-0.017376,-0.049979,-0.013306,0.048884,0.040389,-0.080306,-0.069367,0.007260,0.059401,0.033214,-0.051710,0.049597,-0.045519,-0.025281,0.006805,-0.054486,-0.034850,0.018491,0.006369,0.027491,0.047840,0.024225,0.086939,0.018361,0.114495,-0.045195,-0.000491,-0.030638,-0.091902,-0.028989,0.051354,-0.033004,-0.045259,-0.093389,-0.048155,0.028486,-0.017707,0.017887,-0.017798,-0.040691,-0.020297,-0.037761,-0.020505,-0.014247,-0.049254,-0.048910,-0.075075,-0.055336,0.010074,-0.034405,0.081034,-0.070418,-0.100627,0.000538,0.035155,0.063225,-0.036790,0.024505,-0.046583,0.061444,0.011577,0.099792,0.089153,0.109192,0.007958,-0.004930,0.046827,-0.038119,-0.013081,-0.033497,-0.003296,-0.031556,0.014353,-0.001479,0.005653,-0.082898,-0.047445,-0.013662,-0.003042,0.037852,-0.033007,0.017219,-0.033994,-0.007124,0.066623,-0.026224,-0.032194,-0.029945,0.022341,-0.038767,-0.045089,0.097074,-0.071411,0.049547,-0.010330,-0.058329,-0.060772,-0.062186,-0.089188,0.012803,0.000000,-0.014137,0.058176,0.004011,-0.057467,-0.101840,-0.013767,0.083618,0.026160,-0.029744,-0.049618,0.031496,-0.008992,0.036335,-0.025149,0.025418,-0.014578,-0.018775,0.092213,0.133332,-0.000005,0.050030,-0.027825,0.027023,-0.025287,-0.008640,0.081075,-0.043397,-0.057328,-0.029102,0.043837,0.095892,0.041703,0.069232,-0.086936,-0.067356,0.075935,0.028988,0.031241,-0.016769,0.007785,-0.011065,0.043071,0.064207,-0.041082,-0.154047,-0.050667,0.113279,0.038000,-0.030696,0.004923,-0.040811,-0.093312,0.037045,0.011215,0.015891,-0.042566,-0.034005,-0.042472,-0.054388,0.005225,0.055030,-0.069481,-0.066960,0.031064,-0.030106,-0.002976,0.052206,0.000143,0.001855,0.020064,-0.003018,-0.022064,0.010742,-0.015769,0.042532,0.030292,0.015345,0.011961,0.093353,0.077665,-0.038913,-0.026142,-0.085278,-0.070219,0.009969,0.026835,0.055870,0.029790,-0.029241,0.007880,0.075935,-0.068222,0.035886,-0.048781,0.020912,-0.000000,0.031010,0.053221,0.044853,0.015411,-0.059537,0.026447,0.033236,0.087573,-0.063482,0.134721,-0.050126,-0.013684,0.007473,0.022536,-0.048428,-0.070844,-0.038551,0.064120,0.021358,-0.080815,0.037496,0.074611,0.117338,0.091855,-0.060792,0.021379,-0.049458,0.040569,-0.007446,-0.003169,0.057079,-0.013994,-0.033615,-0.010666,-0.006855,-0.022307,0.026771,0.014041,0.043933,0.079161,-0.015346,0.042861,0.043036,-0.023838,0.074195,-0.146163,-0.045147,0.077524,0.097575,-0.019123,0.003814,0.002345,0.021114,-0.048231,-0.041263,0.063094,-0.027720,0.033541,-0.063409,-0.013053,0.033778,0.029403,-0.024629,0.068886,-0.044479,-0.038343,0.034662,-0.042984,0.105571,-0.041467,0.009687,-0.060870,0.037446,-0.020626,-0.028397,0.010806,0.069611,0.018612,0.061323,0.030268,0.030997,-0.026297,-0.016659,-0.012716,0.025083,-0.059499,0.022862,-0.036899,0.016942,-0.004565,-0.001214,-0.024165,0.069924,0.048407,-0.000175,-0.000000,-0.024959,-0.020410,0.008895,0.040232,-0.062612,0.017144,0.006344,-0.045910,-0.017752,0.002306,0.101942,-0.032371,-0.085488,-0.030557,-0.090737,-0.044368,-0.017602,0.047968,-0.046740,0.017961,0.113250,0.005438,0.001540,-0.011674,0.005105,-0.020417,0.051538,0.002283,-0.003621,-0.032341,0.036869,-0.004276,0.027703,-0.002887,-0.065735,-0.022475,0.004204,0.039364,0.057610,0.127035,0.001210,-0.065714,0.029194,-0.032412,-0.064141,-0.012644,-0.161200,-0.043721,-0.050118,-0.142619,0.039580,0.075912,-0.078954,-0.000267,-0.063757,0.047882,-0.088609,0.068259,-0.078166,-0.032398,0.087990,-0.077270,-0.054111,0.004840
large_cap_004	0.027770,-0.044377,-0.122964,0.063195,0.133705,-0.020694,0.060834,-0.055833,0.039364,-0.036729,-0.023591,-0.023970,0.004141,0.079582,-0.087347,-0.105324,-0.024160,0.055493,-0.021638,0.089144,-0.023327,0.041165,0.065864,0.056465,0.064184,-0.055232,0.028754,0.007777,-0.061565,0.007027,0.051453,-0.004007,-0.013507,-0.060001,0.016997,0.048851,-0.049284,-0.028562,0.037460,0.012799,-0.067613,0.063786,-0.048899,-0.002545,-0.067969,0.059641,-0.063461,0.022191,-0.011596,0.082617,0.059301,0.057084,-0.072090,-0.020725,-0.025420,-0.003657,-0.071420,-0.061208,-0.047373,-0.063837,-0.059902,-0.046913,0.025237,0.016612,0.028765,0.014712,0.031186,0.075552,-0.075327,-0.006044,-0.011941,-0.003100,-0.020633,-0.064688,0.021361,0.075423,0.006165,0.071689,-0.022464,0.000418,-0.031404,0.040222,0.066261,0.006858,-0.004970,-0.037573,0.085497,-0.064364,0.039100,-0.027398,0.027410,-0.011781,-0.004618,-0.065266,0.072818,0.022313,-0.055155,-0.001653,-0.014729,-0.033116,-0.000500,-0.032343,0.047388,-0.053106,0.011884,-0.013012,0.088566,0.035955,0.074828,0.003025,-0.009839,0.028535,0.016336,-0.018509,0.027591,-0.025180,0.019010,-0.038353,0.102715,0.036585,0.049259,0.020925,-0.039369,-0.043047,0.002023,-0.098022,-0.081866,-0.000000,-0.040215,-0.021542,0.021066,0.024260,-0.087269,0.049382,0.004124,0.046083,-0.043932,-0.060299,-0.020379,0.065749,-0.019880,-0.031819,0.016867,-0.077687,-0.013467,0.168309,0.125150,-0.054599,-0.021218,0.022260,0.044717,-0.041951,-0.013155,-0.039987,-0.039178,0.006948,0.024315,-0.013780,0.008512,0.054217,0.073526,-0.046919,-0.061993,0.026329,0.001441,0.091285,0.034014,0.023631,-0.072049,-0.037276,-0.015455,-0.084142,-0.065782,-0.018409,0.131412,0.008291,-0.095639,-0.049941,-0.065700,-0.096475,-0.000274,0.006253,0.076523,-0.065214,-0.022669,-0.019166,-0.101337,0.031489,0.017032,0.005407,-0.052781,-0.026771,-0.030751,-0.104069,-0.015345,0.056362,-0.009681,0.020992,-0.000709,-0.010391,-0.015716,0.119643,-0.006814,0.044536,0.025157,-0.022052,-0.029154,0.066215,-0.109469,-0.012013,0.008736,0.033264,-0.106666,-0.020580,0.074530,0.047791,-0.090404,-0.039111,0.088086,-0.046648,-0.025672,-0.024485,0.055209,-0.000000,0.037899,0.004578,0.068731,0.011343,-0.019340,0.002128,0.003582,-0.018627,0.034954,0.033857,-0.116050,0.022432,-0.047224,-0.070566,-0.049764,-0.061611,-0.022579,0.013914,-0.013791,-0.009216,0.053229,0.017715,0.115416,-0.080206,-0.082387,0.009080,-0.014975,0.010865,-0.012746,0.066846,-0.033917,-0.092648,-0.032361,0.024744,-0.001344,-0.048138,-0.031653,0.051955,0.008000,0.033269,0.038180,0.006812,0.016642,-0.062076,0.115695,-0.116362,0.002721,-0.060746,0.076304,-0.051491,-0.044276,-0.038184,0.005790,0.023622,-0.100351,0.051115,-0.008766,0.051774,0.028037,0.042606,0.052711,0.088768,0.017702,0.054231,-0.109955,0.013353,-0.000255,-0.025071,0.018164,0.059274,-0.005263,0.002169,0.023095,0.070153,-0.031564,0.016854,0.015791,-0.026843,0.000268,-0.033625,0.050309,-0.020752,-0.045827,-0.031289,-0.026929,-0.066865,0.056174,-0.018105,0.003706,-0.017257,0.048785,-0.109223,0.069238,0.086275,-0.042997,-0.000000,-0.033872,-0.040616,0.015863,-0.031264,-0.041865,-0.044643,-0.003811,-0.030268,0.059934,0.098151,0.088811,0.015874,-0.055755,0.067940,-0.054984,-0.031590,-0.017462,0.007088,0.007200,0.006253,0.008880,0.030962,-0.027776,0.012186,0.062034,-0.063567,-0.003430,0.049277,-0.014119,-0.095429,0.054486,0.029646,-0.050433,-0.001356,-0.012708,0.037185,-0.035005,0.056355,-0.012034,0.112585,0.009590,-0.019935,0.053315,-0.020278,0.059567,0.014539,-0.105775,-0.004788,-0.033460,-0.108898,0.022181,0.077565,-0.019719,0.035952,-0.056125,-0.045121,-0.028141,0.031852,-0.079208,0.006078,0.030298,0.001471,0.010275,-0.032414
large_cap_005	0.048231,0.032975,-0.054040,0.065275,0.083550,-0.015432,0.096510,0.000811,0.079094,-0.005865,-0.034996,0.015533,-0.030694,-0.028451,-0.096908,-0.028463,0.009324,-0.012709,-0.033011,0.058079,0.006269,-0.021954,-0.036521,0.002474,0.026217,-0.009202,-0.048712,-0.030413,0.004373,-0.010028,-0.027959,-0.011347,-0.105394,-0.082440,0.021828,0.060531,-0.049061,-0.067436,0.011131,0.028047,0.004221,0.050306,0.032495,0.033844,-0.010098,0.057702,-0.073619,0.016312,0.004079,0.093184,0.068078,0.018454,0.029240,0.110629,-0.017873,0.004992,0.161442,-0.104321,-0.048619,0.041175,0.003205,0.015033,-0.029873,0.004203,0.045952,0.014198,-0.008433,-0.018581,-0.034512,-0.016287,-0.070323,-0.118316,-0.025035,0.000736,-0.007147,0.015526,0.042401,0.044866,-0.030329,-0.044251,0.023608,0.036918,0.041849,-0.010469,-0.026199,-0.009299,0.053701,-0.041002,0.161674,0.089319,-0.054543,0.110743,-0.012666,0.047620,0.033580,-0.019489,-0.025304,-0.045706,-0.011049,0.012379,-0.004354,-0.026380,0.073281,-0.003443,-0.021442,-0.064174,0.004254,0.014053,0.043316,-0.000197,-0.013819,-0.033370,0.038885,-0.071598,0.066556,0.037311,-0.063210,0.038832,0.066925,-0.008252,0.076151,0.095462,-0.035409,-0.080519,-0.012525,-0.019288,-0.001527,-0.000000,-0.032765,-0.132720,0.000934,0.052527,-0.042798,-0.012605,0.027340,0.003729,-0.010241,-0.008169,0.016505,-0.007638,-0.021134,-0.000264,0.079879,-0.058559,0.042880,0.065758,0.107861,-0.042631,0.050948,-0.002387,0.009065,-0.041597,0.033551,0.039257,-0.066572,-0.007735,-0.025726,0.011945,0.032504,-0.019909,0.010106,-0.081821,-0.039627,-0.064158,-0.057897,0.009227,0.004462,-0.078285,-0.046978,-0.019260,0.016558,-0.014597,-0.142379,-0.071121,0.120081,0.006094,-0.071257,0.004021,-0.003684,-0.110222,0.016084,0.016958,-0.002955,-0.027611,-0.069028,-0.039760,-0.005130,-0.046940,0.001666,0.021653,-0.067514,0.057926,-0.029460,-0.028124,-0.030580,-0.023251,-0.009723,0.065144,-0.042656,-0.060711,0.077542,0.002120,0.020200,-0.005897,-0.029460,-0.002732,0.054777,0.095090,0.046778,-0.031952,-0.028678,-0.055229,0.035606,0.050714,0.058967,-0.093013,-0.085265,-0.043125,-0.027453,-0.017292,-0.063679,0.066960,-0.019029,-0.000000,-0.004873,0.016236,-0.028761,0.003080,-0.016057,0.038878,0.017552,-0.010937,0.003497,0.100097,-0.046705,-0.062324,-0.093171,0.040276,-0.044609,-0.113652,0.021293,-0.057675,0.004364,0.006802,0.043974,-0.026658,-0.040287,-0.018335,-0.023969,-0.042341,-0.038512,-0.030571,-0.144696,0.017416,0.041578,-0.015764,0.022095,0.104044,-0.054157,0.012669,-0.002327,0.003450,0.007305,0.016033,0.006511,0.057773,0.110869,-0.019032,0.016309,-0.010889,-0.052131,-0.012737,0.005265,-0.017476,-0.049334,-0.006884,-0.000430,0.067173,-0.060829,0.009276,-0.007885,0.039683,-0.013266,0.011752,0.090126,0.015566,0.085403,0.003755,-0.031121,-0.037618,-0.018800,-0.009427,-0.007685,-0.009847,-0.056300,0.034601,0.050426,0.015031,-0.017891,0.027412,0.049930,-0.137683,-0.011889,0.013134,0.018214,-0.070781,0.004299,0.070238,0.030525,-0.065940,-0.031899,-0.030431,0.027479,0.028758,0.029091,-0.048447,0.026036,0.055400,0.014767,-0.000000,-0.054966,0.008744,0.076085,-0.059912,0.001258,-0.055532,0.093894,0.035861,0.029830,0.035330,0.102441,0.008952,-0.050175,0.094011,-0.106253,-0.007532,0.025984,0.056684,0.042066,-0.031669,-0.003454,-0.045940,-0.021856,-0.027885,0.034939,-0.060850,0.073462,-0.003751,0.004560,-0.039667,0.020902,0.033644,-0.014011,-0.012267,-0.117150,0.177156,-0.038819,0.003892,0.021300,0.122148,-0.014766,0.066815,0.020773,-0.010661,0.006538,0.016733,-0.116607,0.082434,-0.056752,-0.113572,0.047539,-0.039458,-0.053455,0.076674,0.033270,-0.103527,-0.015489,0.049932,-0.078975,0.021361,0.010994,-0.030478,0.047379,-0.000737
large_cap_006	0.019079,-0.019227,-0.074284,0.048218,0.104308,0.051710,0.063410,0.046390,0.047982,0.018447,-0.016429,-0.013719,-0.086556,-0.044869,-0.063021,-0.064333,0.015892,-0.017791,-0.005510,0.036183,-0.021356,-0.025454,-0.053599,0.041270,0.012796,-0.025572,-0.014611,0.005882,0.000055,-0.000384,-0.023173,-0.009819,-0.109954,-0.061135,0.053608,0.064510,-0.066282,-0.067904,-0.011897,-0.020114,0.019247,-0.004208,0.013817,0.035023,0.030740,0.038761,-0.047507,0.039030,0.024416,0.030694,0.020510,0.031296,0.034634,0.099995,-0.014544,0.079208,0.157758,-0.084141,-0.003107,0.072706,-0.049297,0.005240,-0.027103,-0.008820,0.060790,0.004898,-0.014737,0.009007,0.056176,-0.002680,-0.085096,-0.108576,-0.092266,0.024674,0.002736,-0.005245,0.014147,0.040359,-0.009348,-0.073525,-0.024422,0.043585,0.082826,-0.022477,-0.000647,-0.023273,0.073942,-0.072759,0.142463,0.062099,0.012297,0.114274,0.019166,0.026778,0.010779,-0.053317,-0.018833,-0.034208,0.001875,-0.007826,0.045711,-0.011199,-0.025111,-0.035629,-0.008797,-0.004814,-0.014115,0.030535,0.075610,-0.033622,-0.044023,0.013489,0.055609,-0.090886,0.035381,0.042866,-0.091097,-0.008580,0.013594,-0.057271,0.036682,0.009617,-0.049452,-0.116296,0.012466,-0.064837,0.032082,-0.000000,0.004704,-0.062041,-0.019828,0.017759,-0.041827,-0.016416,0.030666,-0.003287,-0.025432,0.014471,0.031358,0.005283,-0.064029,-0.060372,0.006839,-0.107191,0.014608,0.068909,0.105769,0.013856,0.039398,0.018459,0.063357,-0.074922,0.037963,0.053722,-0.041045,-0.030055,0.047583,0.037409,0.005234,-0.032265,-0.040134,-0.051706,-0.065680,-0.067123,-0.051204,-0.029812,-0.027685,-0.047842,-0.013173,0.038537,0.000609,-0.026269,-0.096819,-0.083432,0.139367,0.001639,-0.081391,0.016147,-0.020624,-0.140622,0.022049,0.015115,0.005625,-0.020432,-0.048078,-0.026969,0.013961,0.013152,0.003415,0.015179,-0.100261,0.063083,-0.050079,0.007585,-0.018220,-0.071073,-0.027284,0.001089,-0.001751,-0.029759,0.062263,-0.022256,0.052044,-0.049058,-0.076863,0.031522,0.074387,0.069339,0.033678,0.017044,0.013514,-0.004445,0.050612,0.020951,0.041024,-0.095958,-0.133676,-0.065342,-0.062226,-0.036793,0.031955,0.044831,0.041694,-0.000000,-0.007093,-0.007096,-0.020882,0.025478,-0.017537,0.042613,0.007663,0.040593,0.027945,0.092272,0.041359,-0.081529,-0.077135,-0.000918,-0.027474,-0.147594,0.027377,-0.045012,-0.033958,0.033931,0.084607,-0.053530,-0.034752,0.030689,0.012560,-0.025404,-0.016857,0.046562,-0.117131,0.013635,0.068597,-0.002340,-0.042569,0.105869,-0.038924,0.000546,0.029099,0.055591,-0.040335,0.080812,0.033467,0.033175,0.079325,-0.026172,-0.030980,-0.017035,-0.073276,0.004247,0.019598,0.021171,-0.045966,-0.061305,0.017739,0.056799,-0.079701,0.032882,0.050672,0.076794,-0.002046,0.009210,0.109153,0.039167,0.059188,0.039799,-0.005804,-0.015281,-0.003683,-0.039044,0.013849,-0.030675,0.021725,0.044953,0.049218,0.023098,0.013335,0.034860,0.051950,-0.102400,0.013380,-0.008225,0.043011,-0.071677,-0.010848,0.056291,0.036933,-0.054817,-0.023751,-0.093682,0.008374,0.037376,0.021515,-0.080850,0.068677,0.085231,-0.015855,-0.000000,-0.029202,-0.002912,0.070028,-0.057376,-0.031211,-0.073925,0.059249,0.014063,0.012957,0.008496,0.125220,0.031223,-0.015842,0.045385,-0.074999,-0.035627,0.052336,0.027466,-0.003674,-0.013576,0.025383,-0.059791,0.001654,0.001052,0.056460,-0.058272,0.088115,-0.028593,0.021986,-0.028891,0.016044,0.026062,0.015101,0.060515,-0.063415,0.163602,-0.034612,0.007239,-0.015332,0.119814,-0.017940,0.060871,-0.003331,-0.020368,0.022177,0.033195,-0.102726,0.055107,-0.016667,-0.096252,0.030686,-0.058161,-0.051821,0.015555,-0.008698,-0.050415,-0.000231,0.052039,-0.065389,0.000256,0.014495,-0.030820,0.001696,0.014458
large_cap_007	0.027352,-0.046781,-0.120133,-0.017705,0.083700,0.073783,0.026698,0.084250,-0.010774,0.021626,-0.037810,-0.063418,-0.063643,-0.045753,0.002145,-0.074728,-0.051166,0.006851,0.059381,0.000194,-0.010051,0.002964,-0.009833,0.030231,-0.005531,-0.016961,0.061748,0.043078,-0.018337,-0.008111,-0.018472,0.002468,-0.014479,-0.035680,0.038466,0.065925,-0.055023,-0.024522,-0.004504,-0.012555,0.022154,-0.043573,-0.010522,-0.044219,0.046512,0.006133,-0.025067,0.070751,0.046075,-0.003080,-0.063320,0.047456,0.023821,0.045861,-0.013024,0.089150,0.028330,-0.004667,0.029116,0.007879,-0.070884,-0.030133,0.073072,-0.027416,0.015636,-0.012141,-0.035101,0.071588,0.077640,-0.075953,-0.085590,-0.047174,-0.086688,-0.029893,-0.016434,0.004802,-0.022691,0.094562,0.013797,-0.114135,-0.045140,0.048548,0.117647,0.008030,0.006928,0.055629,0.075121,-0.023018,0.019314,0.036007,0.062448,0.044847,0.022707,-0.021409,-0.050234,-0.037793,-0.027517,-0.010839,0.061330,0.003612,0.041611,-0.032159,-0.103674,-0.080341,-0.044174,0.058664,-0.013829,0.081515,0.070971,-0.048738,-0.078459,0.095580,-0.015513,-0.101404,-0.025327,-0.004203,-0.123934,-0.077266,-0.029698,-0.083970,0.026849,-0.104486,-0.017543,-0.078634,0.029027,-0.082618,-0.015438,-0.000000,0.028713,0.101233,0.045529,-0.062076,-0.049080,-0.044423,0.061936,-0.018489,-0.024794,0.018773,-0.022172,0.082114,-0.064622,-0.078216,-0.108350,-0.074555,-0.030488,0.066940,0.055845,0.060382,0.016750,0.093877,0.073522,-0.032755,0.064383,0.041356,0.003639,-0.011304,0.065720,0.044203,0.016991,-0.053402,-0.062715,-0.051738,-0.015560,-0.010395,-0.032851,-0.053702,-0.068509,0.035257,0.049664,0.033527,0.013503,-0.038450,-0.080974,0.013530,0.048945,0.043716,0.052636,0.028948,-0.033990,-0.104853,0.000660,-0.047320,0.058732,-0.044302,-0.054221,-0.002218,0.009005,0.025205,0.014554,-0.048451,-0.079966,-0.017985,-0.111361,-0.012315,-0.002003,-0.073385,0.014630,-0.074185,0.024560,0.047897,0.057092,0.010574,0.031103,-0.069324,-0.079070,0.068339,0.008318,0.061927,0.002720,0.058865,0.043940,0.001385,0.054885,-0.004080,0.030345,-0.024376,-0.089267,-0.057496,-0.018256,-0.008531,0.082152,0.031650,0.027413,-0.000000,-0.009114,-0.034143,-0.014611,-0.000327,-0.034290,0.016340,0.010191,0.083936,0.041989,0.008263,0.112349,-0.030268,-0.039766,-0.035984,-0.037582,-0.097021,0.032209,-0.036383,-0.014780,-0.023572,0.060488,-0.051725,-0.004744,0.063426,-0.004413,0.012082,-0.023711,0.088247,0.016481,0.015486,0.073381,0.002550,-0.120618,0.091185,0.007926,-0.075960,0.039220,0.018756,-0.005510,0.097381,0.002959,-0.024018,0.048849,-0.002648,-0.029188,-0.025075,-0.051879,0.019753,0.088983,0.017086,0.039782,-0.061953,0.012076,-0.001841,-0.045018,0.072382,0.068335,0.057738,0.045635,0.021743,0.067734,0.052413,-0.047531,0.116693,-0.018587,0.044390,-0.000053,-0.091221,-0.007937,-0.055097,0.124436,-0.038636,0.026247,0.051793,0.032144,0.022854,0.051914,0.019490,0.022909,0.038812,0.081330,-0.001487,-0.005745,0.055068,-0.025136,-0.002413,0.014535,-0.138707,-0.018575,0.018298,-0.067360,-0.059021,0.056747,0.104499,-0.002123,-0.000000,-0.017818,-0.082180,0.015454,-0.059319,-0.050898,-0.037126,0.000613,-0.005968,-0.025931,-0.031043,0.039070,0.025711,-0.031426,-0.055821,0.012472,-0.023274,0.028291,0.045571,-0.005628,-0.001207,0.057116,-0.021208,0.061538,-0.011579,0.051562,-0.024886,0.083924,-0.030097,0.017551,-0.025276,0.002276,0.015646,0.077824,0.055122,0.020758,0.089469,-0.006107,0.064298,-0.004277,0.107551,-0.026488,-0.017285,-0.002600,-0.050482,0.009921,0.018485,-0.045085,-0.017737,0.029127,-0.119774,-0.015098,-0.041465,-0.025572,-0.044314,-0.122814,0.036635,0.003074,0.015675,-0.007987,-0.072739,0.014211,0.033197,0.020465,0.033867
flexi_cap_000	0.044278,-0.053343,-0.084336,0.008534,0.135901,0.014769,-0.041141,0.059241,-0.053850,-0.008929,-0.000683,-0.019787,-0.090290,-0.000461,-0.017705,-0.033615,-0.084024,-0.055333,0.004651,0.017524,0.009879,-0.028669,0.027337,-0.002528,-0.010149,0.018360,0.007881,0.090539,-0.031252,-0.024522,0.046613,0.084902,0.016337,-0.061588,-0.000396,0.092895,-0.059391,-0.002149,0.008095,-0.032715,0.015693,-0.024735,0.042468,-0.009262,0.053367,-0.034713,-0.049676,0.024332,0.008758,-0.017693,0.018173,-0.035354,0.049312,-0.035315,0.020399,0.086254,-0.036963,-0.026164,0.054638,0.020391,-0.058415,-0.043321,0.101290,-0.019427,-0.003192,-0.014441,0.000739,-0.002998,0.002374,-0.063967,-0.034412,-0.058295,-0.091355,-0.047080,-0.004192,-0.002269,-0.015850,0.077439,0.088007,-0.052451,-0.061828,-0.020587,0.083908,0.028319,-0.033579,0.000383,0.001511,-0.109965,-0.006122,-0.030650,0.035583,0.045231,0.001302,0.057292,-0.110144,0.000131,-0.088938,-0.086638,-0.059482,0.032422,0.006790,-0.001453,-0.042662,-0.023245,-0.015029,-0.063204,0.004540,0.019396,0.050026,-0.006537,0.015985,0.056233,-0.000610,-0.020536,-0.020594,-0.033905,-0.097520,-0.088846,0.054572,-0.039185,-0.045493,0.014713,0.017389,-0.034993,-0.047966,-0.042874,-0.058032,0.000000,0.010339,0.037934,-0.034149,-0.029705,-0.041838,-0.077740,0.062890,0.007659,-0.075782,0.010466,0.038695,0.061043,-0.007246,0.052711,-0.001581,-0.153154,0.040031,0.117615,0.030569,-0.019169,-0.026644,0.084789,0.094209,-0.090194,0.137206,0.009608,0.010740,0.011024,0.090161,0.075299,-0.030767,0.014336,-0.072285,-0.085271,-0.051638,0.000910,-0.090622,-0.100343,-0.065493,0.012787,-0.003734,0.056250,-0.028090,-0.070733,-0.029019,0.050795,0.056246,0.038867,0.003017,-0.015706,-0.060526,-0.088321,-0.019185,-0.023261,0.020704,0.025339,-0.057559,0.003257,0.056216,0.071167,-0.064036,-0.043094,-0.143809,0.096602,-0.044903,0.109940,0.061146,-0.042082,0.054146,-0.009844,0.051263,0.019862,0.022569,0.018304,-0.012109,-0.050296,0.002834,0.122438,0.014172,0.028934,0.000468,0.090152,0.087119,0.001333,0.019212,-0.002358,-0.002926,0.070149,-0.053677,-0.021985,0.009254,-0.081263,0.103513,-0.001883,0.003597,-0.000000,0.015475,-0.026938,-0.038906,-0.043092,0.031263,0.026681,-0.000195,0.027731,0.026775,-0.022168,0.076554,-0.017429,-0.022380,-0.028007,-0.071068,-0.047142,0.024224,-0.070191,-0.038745,-0.029027,0.070726,-0.071340,0.022631,0.027329,0.003433,-0.017591,-0.003789,0.037940,-0.069935,0.049617,-0.032124,-0.010584,-0.075179,0.045077,0.041305,-0.051327,-0.050560,0.019449,0.001980,0.032113,-0.017307,-0.029313,0.046335,-0.038431,-0.017375,0.012301,-0.000709,-0.060134,0.068944,-0.000716,-0.082733,-0.040157,0.078370,-0.014528,-0.055172,-0.022121,0.077787,0.039980,-0.051389,-0.008919,0.069554,0.034484,0.015236,0.123493,0.017753,0.063472,-0.051695,-0.210928,0.020229,-0.042342,0.152206,-0.031771,0.089676,0.087174,-0.053870,0.014594,0.025408,-0.008770,0.017732,0.067614,0.044096,0.003181,-0.058443,0.088700,-0.002718,-0.088297,0.017154,-0.043663,-0.037859,0.027443,-0.018018,-0.025143,0.036948,0.031182,-0.011765,-0.000000,0.007036,-0.006010,0.029542,-0.037357,0.013035,0.015462,0.027495,-0.050850,0.010158,-0.010914,0.056518,0.096909,0.002189,-0.045629,-0.024462,-0.032414,0.037295,0.068864,0.012381,0.021937,0.050740,0.045916,0.048421,0.000296,0.036883,-0.008615,0.004682,0.034312,0.044312,-0.016978,0.026324,0.006856,0.061080,0.032739,0.006817,0.111622,0.006915,0.026962,0.012143,0.087608,0.036581,-0.001097,0.065162,-0.061037,-0.003647,0.006719,-0.058869,0.002556,0.057858,-0.086762,-0.056804,0.015230,-0.021913,0.014871,-0.039885,0.056559,-0.026163,-0.013674,-0.046502,-0.012733,0.032041,-0.053976,0.015438,0.070003
flexi_cap_001	0.101429,-0.067784,-0.160264,0.061802,0.130705,0.028033,0.003824,0.080254,-0.051307,0.024090,-0.044211,-0.056786,-0.069746,-0.012985,-0.073966,-0.027645,-0.014942,-0.083961,0.001219,0.042333,0.011767,-0.000204,0.022760,-0.011778,-0.004692,-0.029326,0.017789,0.097157,-0.018294,-0.044087,0.045230,0.059377,0.011487,-0.043519,-0.016314,0.039110,-0.061356,-0.047137,-0.009523,-0.039248,0.006998,-0.028636,0.062002,-0.032671,0.060105,-0.020450,-0.049274,0.022349,0.050770,0.003440,-0.018673,0.000304,-0.002704,-0.055139,-0.005586,0.062824,-0.061596,-0.084405,0.040091,-0.015974,0.018790,-0.004818,0.072317,-0.010174,0.067300,-0.018218,-0.041170,-0.013826,0.018493,0.021916,0.016660,-0.084868,-0.083112,-0.075412,-0.016948,0.052107,-0.021745,0.032398,0.047757,-0.037198,-0.007978,0.025391,0.110143,-0.008849,0.078421,-0.001371,0.078963,-0.101753,-0.028812,0.030469,0.075013,-0.001461,-0.010753,0.048594,-0.032967,-0.022735,-0.091926,-0.053413,-0.054806,0.035729,0.040834,0.054964,-0.043391,0.012335,-0.043057,-0.048644,0.040070,0.019199,0.049666,0.020956,0.015329,0.082431,-0.011323,-0.030063,-0.015572,0.028890,-0.107597,-0.049463,0.026181,0.058738,-0.013436,-0.016053,0.007583,-0.005775,-0.039221,-0.009636,-0.043480,0.000000,-0.022847,0.079839,-0.042931,-0.082259,-0.040343,-0.051098,0.052353,-0.007445,-0.028499,0.002152,0.024875,0.103684,0.014125,-0.018495,0.001382,-0.102378,0.009695,0.129306,0.012918,0.002522,-0.008853,0.042008,0.042947,-0.088486,0.053250,0.062088,-0.002218,0.011170,0.019630,0.072756,-0.005363,0.010725,-0.060265,-0.104125,-0.040288,-0.017834,-0.032635,-0.049812,-0.071065,0.017780,-0.022599,0.087077,0.032168,-0.024351,-0.084504,0.046122,0.067770,0.059864,0.007953,0.030482,-0.115884,-0.087652,-0.043027,0.022334,0.041638,0.015006,-0.063756,-0.015220,0.006972,-0.020701,-0.042697,-0.069671,-0.093560,0.012971,-0.011448,0.118886,0.061704,-0.064698,0.064720,0.016646,-0.019093,0.011667,0.050559,0.001369,-0.006426,-0.041544,0.016457,0.075162,0.049380,0.037816,-0.057353,0.082029,0.033427,-0.046873,0.014932,0.002576,-0.003186,0.064558,-0.070117,-0.061780,0.073600,-0.057606,0.066993,-0.055517,-0.050403,-0.000000,0.012644,-0.025594,-0.079003,0.037889,-0.001145,0.029438,-0.004398,0.047134,-0.015877,0.049956,0.085687,-0.016316,0.012655,-0.028048,-0.014700,-0.055980,-0.031600,-0.024986,-0.001981,-0.074999,0.069659,0.003939,0.047806,0.069327,0.004863,0.043567,-0.045140,-0.028118,-0.053347,0.004789,0.020479,0.044821,-0.092280,0.059718,-0.027373,-0.025487,0.020289,-0.016692,-0.025645,0.099048,0.008276,0.069648,0.022216,-0.075610,-0.025931,-0.000085,0.039993,0.032804,0.141008,-0.023883,-0.009987,-0.064765,0.069120,0.030216,-0.071945,0.005111,0.033106,-0.012765,-0.065805,0.043965,0.070453,0.134940,-0.018573,0.059555,-0.007645,0.017289,-0.076660,-0.092605,0.014889,-0.011224,0.071302,0.010891,0.129129,0.102720,-0.047005,0.015573,0.081149,-0.009455,0.076817,0.002062,0.031764,0.056520,-0.027495,0.062841,-0.032608,-0.028862,0.029817,-0.038524,-0.017905,0.045037,-0.020627,0.016300,0.004680,0.041105,-0.040645,-0.000000,-0.017756,-0.032790,-0.014524,-0.019783,-0.056410,-0.007792,-0.024199,-0.026463,-0.027613,0.005723,0.116235,0.011630,-0.118333,-0.003642,-0.059955,-0.075490,0.036347,0.107640,-0.022818,-0.017829,0.098226,0.036160,0.031008,-0.071917,0.049397,0.007124,0.027994,0.016259,0.001585,-0.009133,-0.045445,0.009583,0.033705,0.057612,-0.047208,0.113643,0.032369,0.032195,-0.001362,0.089567,0.029049,-0.030274,0.018450,-0.068950,-0.032238,0.010156,-0.081156,-0.042240,0.047066,-0.088136,-0.061685,-0.027832,-0.033670,0.044592,-0.025166,0.018903,-0.058314,-0.014521,-0.039987,0.014873,0.041395,-0.095768,-0.033561,0.044239
flexi_cap_002	0.079248,-0.034437,-0.072964,0.011378,0.091252,0.037820,0.004247,0.141190,-0.061226,0.008714,0.005321,-0.068489,-0.074066,-0.035825,-0.035041,-0.040813,-0.072189,-0.119599,-0.014747,0.033190,0.047329,-0.075766,0.016565,-0.034457,0.031573,-0.007864,0.055600,0.088054,0.039090,-0.006209,0.022335,0.099122,0.030143,-0.090802,0.080542,0.021950,-0.058109,-0.021913,0.018749,-0.058427,-0.014815,-0.013379,-0.022093,-0.032043,0.059840,-0.070640,-0.059608,0.056715,0.031083,-0.014589,0.041654,0.029582,0.023922,-0.024078,-0.015581,0.027772,0.031553,-0.008447,0.051048,0.040031,-0.053620,-0.041807,0.088792,-0.055729,-0.001547,0.042515,-0.009755,-0.018665,-0.022781,0.027220,-0.061108,-0.070723,-0.137240,-0.115299,-0.030626,0.012005,0.040608,0.077666,0.036969,-0.042970,-0.036955,-0.011176,0.019757,-0.026993,-0.013401,-0.045008,0.028013,-0.103828,-0.009797,0.010148,0.048720,0.065102,0.004295,0.022743,-0.044560,0.021297,-0.106138,-0.035457,-0.035651,-0.026211,0.001821,0.023820,-0.014069,-0.036411,-0.019323,-0.034443,0.006402,-0.025717,0.030168,-0.005425,-0.004401,0.002000,0.011022,-0.035135,0.004316,0.008463,-0.057485,-0.073893,0.064521,0.008173,-0.007158,0.021422,0.011285,-0.053530,-0.061278,-0.076905,-0.051179,0.000000,0.017788,0.044839,-0.080307,-0.033307,-0.047700,-0.062398,0.061717,0.037164,-0.005158,0.001343,0.003631,0.032559,-0.053145,-0.041241,0.033774,-0.104086,0.041983,0.107128,0.026951,-0.004032,-0.051511,-0.010888,0.100401,-0.086773,0.131429,0.028037,0.009224,-0.055889,0.058553,0.046077,0.020709,0.013591,-0.054803,-0.030786,-0.042884,0.007166,-0.014470,-0.022128,-0.053015,0.033734,-0.039951,0.065299,0.016718,-0.070780,-0.038037,-0.004052,0.094560,-0.004859,0.016364,0.030840,-0.106748,-0.050681,-0.049268,0.024070,0.044877,-0.036848,-0.063924,-0.033405,0.040543,0.065509,-0.050773,-0.079953,-0.101251,0.064835,0.007778,0.139401,0.036088,-0.054004,0.032968,-0.044690,0.019423,-0.068314,0.067962,-0.032537,0.021301,-0.012022,-0.000427,0.065024,0.031932,0.049372,-0.045170,0.093609,0.039020,-0.041218,0.016011,-0.005187,0.050183,0.063183,-0.078431,-0.026459,0.011535,-0.074380,0.038664,-0.004628,0.025735,-0.000000,0.033451,0.041002,0.002816,-0.033141,0.011551,0.068176,0.037324,0.064361,0.020621,0.016528,0.016668,-0.003799,-0.026724,-0.003748,-0.078356,-0.046154,-0.012451,-0.056913,-0.000576,-0.031419,0.066660,-0.049007,0.065510,0.100814,0.016729,0.015338,-0.065547,0.019510,-0.018485,-0.002045,-0.014890,-0.000045,-0.087640,0.044995,0.011526,-0.085873,-0.023160,0.069903,0.047536,0.059334,0.023949,-0.012599,0.028060,-0.059217,-0.006453,-0.098974,0.003069,-0.097250,0.056957,-0.041138,0.004846,-0.069350,0.028863,0.019290,-0.069567,0.011918,0.095196,0.031997,-0.066722,-0.040228,0.091319,0.091433,-0.001857,0.074432,0.012113,0.021241,0.014855,-0.146920,0.063711,-0.112455,0.065159,0.026256,0.115803,0.068846,-0.025540,0.015090,0.015547,-0.052446,0.101252,0.033545,-0.048090,0.063642,-0.071399,0.029716,-0.062333,-0.117566,0.029313,-0.064609,-0.023540,0.043494,-0.083032,0.008492,0.050716,0.054777,-0.029896,-0.000000,-0.003054,0.015309,0.015440,0.011065,0.022517,-0.031790,0.006219,-0.020095,-0.004699,0.023661,0.079067,0.036169,-0.008095,-0.004291,-0.057714,-0.032847,0.041127,0.088781,0.001188,-0.037484,0.078458,0.046095,0.012410,-0.003022,0.013795,0.007614,0.037120,0.005641,0.022874,0.012814,0.006678,0.014358,0.064167,0.045769,-0.043393,0.064752,0.045860,-0.014213,-0.007337,0.128632,0.029329,-0.028160,0.042102,-0.103990,0.018651,0.002984,-0.120416,0.021909,0.038744,-0.050060,0.020312,0.015326,-0.061668,0.041061,-0.000554,-0.003197,-0.046409,0.060947,-0.057983,0.011565,0.010509,-0.051463,-0.035036,0.043538
flexi_cap_003	0.014495,-0.038283,-0.064903,-0.006925,0.069053,-0.004899,0.097215,0.010279,-0.047569,0.008832,0.042694,0.004484,-0.056490,0.008247,-0.054103,-0.042920,-0.029359,-0.024909,-0.049933,0.049940,0.078767,-0.018144,0.030931,0.040620,0.077200,-0.058478,0.022779,-0.017376,-0.049979,-0.013306,0.048884,0.040389,-0.080306,-0.069367,0.007260,0.059401,0.033214,-0.051710,0.049597,-0.045519,-0.025281,0.006805,-0.054486,-0.034850,0.018491,0.006369,0.027491,0.047840,0.024225,0.086939,0.018361,0.114495,-0.045195,-0.000491,-0.030638,-0.091902,-0.028989,0.051354,-0.033004,-0.045259,-0.093389,-0.048155,0.028486,-0.017707,0.017887,-0.017798,-0.040691,-0.020297,-0.037761,-0.020505,-0.014247,-0.049254,-0.048910,-0.075075,-0.055336,0.010074,-0.034405,0.081034,-0.070418,-0.100627,0.000538,0.035155,0.063225,-0.036790,0.024505,-0.046583,0.061444,0.011577,0.099792,0.089153,0.109192,0.007958,-0.004930,0.046827,-0.038119,-0.013081,-0.033497,-0.003296,-0.031556,0.014353,-0.001479,0.005653,-0.082898,-0.047445,-0.013662,-0.003042,0.037852,-0.033007,0.017219,-0.033994,-0.007124,0.066623,-0.026224,-0.032194,-0.029945,0.022341,-0.038767,-0.045089,0.097074,-0.071411,0.049547,-0.010330,-0.058329,-0.060772,-0.062186,-0.089188,0.012803,0.000000,-0.014137,0.058176,0.004011,-0.057467,-0.101840,-0.013767,0.083618,0.026160,-0.029744,-0.049618,0.031496,-0.008992,0.036335,-0.025149,0.025418,-0.014578,-0.018775,0.092213,0.133332,-0.000005,0.050030,-0.027825,0.027023,-0.025287,-0.008640,0.081075,-0.043397,-0.057328,-0.029102,0.043837,0.095892,0.041703,0.069232,-0.086936,-0.067356,0.075935,0.028988,0.031241,-0.016769,0.007785,-0.011065,0.043071,0.064207,-0.041082,-0.154047,-0.050667,0.113279,0.038000,-0.030696,0.004923,-0.040811,-0.093312,0.037045,0.011215,0.015891,-0.042566,-0.034005,-0.042472,-0.054388,0.005225,0.055030,-0.069481,-0.066960,0.031064,-0.030106,-0.002976,0.052206,0.000143,0.001855,0.020064,-0.003018,-0.022064,0.010742,-0.015769,0.042532,0.030292,0.015345,0.011961,0.093353,0.077665,-0.038913,-0.026142,-0.085278,-0.070219,0.009969,0.026835,0.055870,0.029790,-0.029241,0.007880,0.075935,-0.068222,0.035886,-0.048781,0.020912,-0.000000,0.031010,0.053221,0.044853,0.015411,-0.059537,0.026447,0.033236,0.087573,-0.063482,0.134721,-0.050126,-0.013684,0.007473,0.022536,-0.048428,-0.070844,-0.038551,0.064120,0.021358,-0.080815,0.037496,0.074611,0.117338,0.091855,-0.060792,0.021379,-0.049458,0.040569,-0.007446,-0.003169,0.057079,-0.013994,-0.033615,-0.010666,-0.006855,-0.022307,0.026771,0.014041,0.043933,0.079161,-0.015346,0.042861,0.043036,-0.023838,0.074195,-0.146163,-0.045147,0.077524,0.097575,-0.019123,0.003814,0.002345,0.021114,-0.048231,-0.041263,0.063094,-0.027720,0.033541,-0.063409,-0.013053,0.033778,0.029403,-0.024629,0.068886,-0.044479,-0.038343,0.034662,-0.042984,0.105571,-0.041467,0.009687,-0.060870,0.037446,-0.020626,-0.028397,0.010806,0.069611,0.018612,0.061323,0.030268,0.030997,-0.026297,-0.016659,-0.012716,0.025083,-0.059499,0.022862,-0.036899,0.016942,-0.004565,-0.001214,-0.024165,0.069924,0.048407,-0.000175,-0.000000,-0.024959,-0.020410,0.008895,0.040232,-0.062612,0.017144,0.006344,-0.045910,-0.017752,0.002306,0.101942,-0.032371,-0.085488,-0.030557,-0.090737,-0.044368,-0.017602,0.047968,-0.046740,0.017961,0.113250,0.005438,0.001540,-0.011674,0.005105,-0.020417,0.051538,0.002283,-0.003621,-0.032341,0.036869,-0.004276,0.027703,-0.002887,-0.065735,-0.022475,0.004204,0.039364,0.057610,0.127035,0.001210,-0.065714,0.029194,-0.032412,-0.064141,-0.012644,-0.161200,-0.043721,-0.050118,-0.142619,0.039580,0.075912,-0.078954,-0.000267,-0.063757,0.047882,-0.088609,0.068259,-0.078166,-0.032398,0.087990,-0.077270,-0.054111,0.004840
flexi_cap_004	0.027770,-0.044377,-0.122964,0.063195,0.133705,-0.020694,0.060834,-0.055833,0.039364,-0.036729,-0.023591,-0.023970,0.004141,0.079582,-0.087347,-0.105324,-0.024160,0.055493,-0.021638,0.089144,-0.023327,0.041165,0.065864,0.056465,0.064184,-0.055232,0.028754,0.007777,-0.061565,0.007027,0.051453,-0.004007,-0.013507,-0.060001,0.016997,0.048851,-0.049284,-0.028562,0.037460,0.012799,-0.067613,0.063786,-0.048899,-0.002545,-0.067969,0.059641,-0.063461,0.022191,-0.011596,0.082617,0.059301,0.057084,-0.072090,-0.020725,-0.025420,-0.003657,-0.071420,-0.061208,-0.047373,-0.063837,-0.059902,-0.046913,0.025237,0.016612,0.028765,0.014712,0.031186,0.075552,-0.075327,-0.006044,-0.011941,-0.003100,-0.020633,-0.064688,0.021361,0.075423,0.006165,0.071689,-0.022464,0.000418,-0.031404,0.040222,0.066261,0.006858,-0.004970,-0.037573,0.085497,-0.064364,0.039100,-0.027398,0.027410,-0.011781,-0.004618,-0.065266,0.072818,0.022313,-0.055155,-0.001653,-0.014729,-0.033116,-0.000500,-0.032343,0.047388,-0.053106,0.011884,-0.013012,0.088566,0.035955,0.074828,0.003025,-0.009839,0.028535,0.016336,-0.018509,0.027591,-0.025180,0.019010,-0.038353,0.102715,0.036585,0.049259,0.020925,-0.039369,-0.043047,0.002023,-0.098022,-0.081866,-0.000000,-0.040215,-0.021542,0.021066,0.024260,-0.087269,0.049382,0.004124,0.046083,-0.043932,-0.060299,-0.020379,0.065749,-0.019880,-0.031819,0.016867,-0.077687,-0.013467,0.168309,0.125150,-0.054599,-0.021218,0.022260,0.044717,-0.041951,-0.013155,-0.039987,-0.039178,0.006948,0.024315,-0.013780,0.008512,0.054217,0.073526,-0.046919,-0.061993,0.026329,0.001441,0.091285,0.034014,0.023631,-0.072049,-0.037276,-0.015455,-0.084142,-0.065782,-0.018409,0.131412,0.008291,-0.095639,-0.049941,-0.065700,-0.096475,-0.000274,0.006253,0.076523,-0.065214,-0.022669,-0.019166,-0.101337,0.031489,0.017032,0.005407,-0.052781,-0.026771,-0.030751,-0.104069,-0.015345,0.056362,-0.009681,0.020992,-0.000709,-0.010391,-0.015716,0.119643,-0.006814,0.044536,0.025157,-0.022052,-0.029154,0.066215,-0.109469,-0.012013,0.008736,0.033264,-0.106666,-0.020580,0.074530,0.047791,-0.090404,-0.039111,0.088086,-0.046648,-0.025672,-0.024485,0.055209,-0.000000,0.037899,0.004578,0.068731,0.011343,-0.019340,0.002128,0.003582,-0.018627,0.034954,0.033857,-0.116050,0.022432,-0.047224,-0.070566,-0.049764,-0.061611,-0.022579,0.013914,-0.013791,-0.009216,0.053229,0.017715,0.115416,-0.080206,-0.082387,0.009080,-0.014975,0.010865,-0.012746,0.066846,-0.033917,-0.092648,-0.032361,0.024744,-0.001344,-0.048138,-0.031653,0.051955,0.008000,0.033269,0.038180,0.006812,0.016642,-0.062076,0.115695,-0.116362,0.002721,-0.060746,0.076304,-0.051491,-0.044276,-0.038184,0.005790,0.023622,-0.100351,0.051115,-0.008766,0.051774,0.028037,0.042606,0.052711,0.088768,0.017702,0.054231,-0.109955,0.013353,-0.000255,-0.025071,0.018164,0.059274,-0.005263,0.002169,0.023095,0.070153,-0.031564,0.016854,0.015791,-0.026843,0.000268,-0.033625,0.050309,-0.020752,-0.045827,-0.031289,-0.026929,-0.066865,0.056174,-0.018105,0.003706,-0.017257,0.048785,-0.109223,0.069238,0.086275,-0.042997,-0.000000,-0.033872,-0.040616,0.015863,-0.031264,-0.041865,-0.044643,-0.003811,-0.030268,0.059934,0.098151,0.088811,0.015874,-0.055755,0.067940,-0.054984,-0.031590,-0.017462,0.007088,0.007200,0.006253,0.008880,0.030962,-0.027776,0.012186,0.062034,-0.063567,-0.003430,0.049277,-0.014119,-0.095429,0.054486,0.029646,-0.050433,-0.001356,-0.012708,0.037185,-0.035005,0.056355,-0.012034,0.112585,0.009590,-0.019935,0.053315,-0.020278,0.059567,0.014539,-0.105775,-0.004788,-0.033460,-0.108898,0.022181,0.077565,-0.019719,0.035952,-0.056125,-0.045121,-0.028141,0.031852,-0.079208,0.006078,0.030298,0.001471,0.010275,-0.032414
flexi_cap_005	0.048231,0.032975,-0.054040,0.065275,0.083550,-0.015432,0.096510,0.000811,0.079094,-0.005865,-0.034996,0.015533,-0.030694,-0.028451,-0.096908,-0.028463,0.009324,-0.012709,-0.033011,0.058079,0.006269,-0.021954,-0.036521,0.002474,0.026217,-0.009202,-0.048712,-0.030413,0.004373,-0.010028,-0.027959,-0.011347,-0.105394,-0.082440,0.021828,0.060531,-0.049061,-0.067436,0.011131,0.028047,0.004221,0.050306,0.032495,0.033844,-0.010098,0.057702,-0.073619,0.016312,0.004079,0.093184,0.068078,0.018454,0.029240,0.110629,-0.017873,0.004992,0.161442,-0.104321,-0.048619,0.041175,0.003205,0.015033,-0.029873,0.004203,0.045952,0.014198,-0.008433,-0.018581,-0.034512,-0.016287,-0.070323,-0.118316,-0.025035,0.000736,-0.007147,0.015526,0.042401,0.044866,-0.030329,-0.044251,0.023608,0.036918,0.041849,-0.010469,-0.026199,-0.009299,0.053701,-0.041002,0.161674,0.089319,-0.054543,0.110743,-0.012666,0.047620,0.033580,-0.019489,-0.025304,-0.045706,-0.011049,0.012379,-0.004354,-0.026380,0.073281,-0.003443,-0.021442,-0.064174,0.004254,0.014053,0.043316,-0.000197,-0.013819,-0.033370,0.038885,-0.071598,0.066556,0.037311,-0.063210,0.038832,0.066925,-0.008252,0.076151,0.095462,-0.035409,-0.080519,-0.012525,-0.019288,-0.001527,-0.000000,-0.032765,-0.132720,0.000934,0.052527,-0.042798,-0.012605,0.027340,0.003729,-0.010241,-0.008169,0.016505,-0.007638,-0.021134,-0.000264,0.079879,-0.058559,0.042880,0.065758,0.107861,-0.042631,0.050948,-0.002387,0.009065,-0.041597,0.033551,0.039257,-0.066572,-0.007735,-0.025726,0.011945,0.032504,-0.019909,0.010106,-0.081821,-0.039627,-0.064158,-0.057897,0.009227,0.004462,-0.078285,-0.046978,-0.019260,0.016558,-0.014597,-0.142379,-0.071121,0.120081,0.006094,-0.071257,0.004021,-0.003684,-0.110222,0.016084,0.016958,-0.002955,-0.027611,-0.069028,-0.039760,-0.005130,-0.046940,0.001666,0.021653,-0.067514,0.057926,-0.029460,-0.028124,-0.030580,-0.023251,-0.009723,0.065144,-0.042656,-0.060711,0.077542,0.002120,0.020200,-0.005897,-0.029460,-0.002732,0.054777,0.095090,0.046778,-0.031952,-0.028678,-0.055229,0.035606,0.050714,0.058967,-0.093013,-0.085265,-0.043125,-0.027453,-0.017292,-0.063679,0.066960,-0.019029,-0.000000,-0.004873,0.016236,-0.028761,0.003080,-0.016057,0.038878,0.017552,-0.010937,0.003497,0.100097,-0.046705,-0.062324,-0.093171,0.040276,-0.044609,-0.113652,0.021293,-0.057675,0.004364,0.006802,0.043974,-0.026658,-0.040287,-0.018335,-0.023969,-0.042341,-0.038512,-0.030571,-0.144696,0.017416,0.041578,-0.015764,0.022095,0.104044,-0.054157,0.012669,-0.002327,0.003450,0.007305,0.016033,0.006511,0.057773,0.110869,-0.019032,0.016309,-0.010889,-0.052131,-0.012737,0.005265,-0.017476,-0.049334,-0.006884,-0.000430,0.067173,-0.060829,0.009276,-0.007885,0.039683,-0.013266,0.011752,0.090126,0.015566,0.085403,0.003755,-0.031121,-0.037618,-0.018800,-0.009427,-0.007685,-0.009847,-0.056300,0.034601,0.050426,0.015031,-0.017891,0.027412,0.049930,-0.137683,-0.011889,0.013134,0.018214,-0.070781,0.004299,0.070238,0.030525,-0.065940,-0.031899,-0.030431,0.027479,0.028758,0.029091,-0.048447,0.026036,0.055400,0.014767,-0.000000,-0.054966,0.008744,0.076085,-0.059912,0.001258,-0.055532,0.093894,0.035861,0.029830,0.035330,0.102441,0.008952,-0.050175,0.094011,-0.106253,-0.007532,0.025984,0.056684,0.042066,-0.031669,-0.003454,-0.045940,-0.021856,-0.027885,0.034939,-0.060850,0.073462,-0.003751,0.004560,-0.039667,0.020902,0.033644,-0.014011,-0.012267,-0.117150,0.177156,-0.038819,0.003892,0.021300,0.122148,-0.014766,0.066815,0.020773,-0.010661,0.006538,0.016733,-0.116607,0.082434,-0.056752,-0.113572,0.047539,-0.039458,-0.053455,0.076674,0.033270,-0.103527,-0.015489,0.049932,-0.078975,0.021361,0.010994,-0.030478,0.047379,-0.000737
flexi_cap_006	0.019079,-0.019227,-0.074284,0.048218,0.104308,0.051710,0.063410,0.046390,0.047982,0.018447,-0.016429,-0.013719,-0.086556,-0.044869,-0.063021,-0.064333,0.015892,-0.017791,-0.005510,0.036183,-0.021356,-0.025454,-0.053599,0.041270,0.012796,-0.025572,-0.014611,0.005882,0.000055,-0.000384,-0.023173,-0.009819,-0.109954,-0.061135,0.053608,0.064510,-0.066282,-0.067904,-0.011897,-0.020114,0.019247,-0.004208,0.013817,0.035023,0.030740,0.038761,-0.047507,0.039030,0.024416,0.030694,0.020510,0.031296,0.034634,0.099995,-0.014544,0.079208,0.157758,-0.084141,-0.003107,0.072706,-0.049297,0.005240,-0.027103,-0.008820,0.060790,0.004898,-0.014737,0.009007,0.056176,-0.002680,-0.085096,-0.108576,-0.092266,0.024674,0.002736,-0.005245,0.014147,0.040359,-0.009348,-0.073525,-0.024422,0.043585,0.082826,-0.022477,-0.000647,-0.023273,0.073942,-0.072759,0.142463,0.062099,0.012297,0.114274,0.019166,0.026778,0.010779,-0.053317,-0.018833,-0.034208,0.001875,-0.007826,0.045711,-0.011199,-0.025111,-0.035629,-0.008797,-0.004814,-0.014115,0.030535,0.075610,-0.033622,-0.044023,0.013489,0.055609,-0.090886,0.035381,0.042866,-0.091097,-0.008580,0.013594,-0.057271,0.036682,0.009617,-0.049452,-0.116296,0.012466,-0.064837,0.032082,-0.000000,0.004704,-0.062041,-0.019828,0.017759,-0.041827,-0.016416,0.030666,-0.003287,-0.025432,0.014471,0.031358,0.005283,-0.064029,-0.060372,0.006839,-0.107191,0.014608,0.068909,0.105769,0.013856,0.039398,0.018459,0.063357,-0.074922,0.037963,0.053722,-0.041045,-0.030055,0.047583,0.037409,0.005234,-0.032265,-0.040134,-0.051706,-0.065680,-0.067123,-0.051204,-0.029812,-0.027685,-0.047842,-0.013173,0.038537,0.000609,-0.026269,-0.096819,-0.083432,0.139367,0.001639,-0.081391,0.016147,-0.020624,-0.140622,0.022049,0.015115,0.005625,-0.020432,-0.048078,-0.026969,0.013961,0.013152,0.003415,0.015179,-0.100261,0.063083,-0.050079,0.007585,-0.018220,-0.071073,-0.027284,0.001089,-0.001751,-0.029759,0.062263,-0.022256,0.052044,-0.049058,-0.076863,0.031522,0.074387,0.069339,0.033678,0.017044,0.013514,-0.004445,0.050612,0.020951,0.041024,-0.095958,-0.133676,-0.065342,-0.062226,-0.036793,0.031955,0.044831,0.041694,-0.000000,-0.007093,-0.007096,-0.020882,0.025478,-0.017537,0.042613,0.007663,0.040593,0.027945,0.092272,0.041359,-0.081529,-0.077135,-0.000918,-0.027474,-0.147594,0.027377,-0.045012,-0.033958,0.033931,0.084607,-0.053530,-0.034752,0.030689,0.012560,-0.025404,-0.016857,0.046562,-0.117131,0.013635,0.068597,-0.002340,-0.042569,0.105869,-0.038924,0.000546,0.029099,0.055591,-0.040335,0.080812,0.033467,0.033175,0.079325,-0.026172,-0.030980,-0.017035,-0.073276,0.004247,0.019598,0.021171,-0.045966,-0.061305,0.017739,0.056799,-0.079701,0.032882,0.050672,0.076794,-0.002046,0.009210,0.109153,0.039167,0.059188,0.039799,-0.005804,-0.015281,-0.003683,-0.039044,0.013849,-0.030675,0.021725,0.044953,0.049218,0.023098,0.013335,0.034860,0.051950,-0.102400,0.013380,-0.008225,0.043011,-0.071677,-0.010848,0.056291,0.036933,-0.054817,-0.023751,-0.093682,0.008374,0.037376,0.021515,-0.080850,0.068677,0.085231,-0.015855,-0.000000,-0.029202,-0.002912,0.070028,-0.057376,-0.031211,-0.073925,0.059249,0.014063,0.012957,0.008496,0.125220,0.031223,-0.015842,0.045385,-0.074999,-0.035627,0.052336,0.027466,-0.003674,-0.013576,0.025383,-0.059791,0.001654,0.001052,0.056460,-0.058272,0.088115,-0.028593,0.021986,-0.028891,0.016044,0.026062,0.015101,0.060515,-0.063415,0.163602,-0.034612,0.007239,-0.015332,0.119814,-0.017940,0.060871,-0.003331,-0.020368,0.022177,0.033195,-0.102726,0.055107,-0.016667,-0.096252,0.030686,-0.058161,-0.051821,0.015555,-0.008698,-0.050415,-0.000231,0.052039,-0.065389,0.000256,0.014495,-0.030820,0.001696,0.014458
flexi_cap_007	0.027352,-0.046781,-0.120133,-0.017705,0.083700,0.073783,0.026698,0.084250,-0.010774,0.021626,-0.037810,-0.063418,-0.063643,-0.045753,0.002145,-0.074728,-0.051166,0.006851,0.059381,0.000194,-0.010051,0.002964,-0.009833,0.030231,-0.005531,-0.016961,0.061748,0.043078,-0.018337,-0.008111,-0.018472,0.002468,-0.014479,-0.035680,0.038466,0.065925,-0.055023,-0.024522,-0.004504,-0.012555,0.022154,-0.043573,-0.010522,-0.044219,0.046512,0.006133,-0.025067,0.070751,0.046075,-0.003080,-0.063320,0.047456,0.023821,0.045861,-0.013024,0.089150,0.028330,-0.004667,0.029116,0.007879,-0.070884,-0.030133,0.073072,-0.027416,0.015636,-0.012142,-0.035101,0.071588,0.077640,-0.075953,-0.085590,-0.047174,-0.086688,-0.029893,-0.016434,0.004802,-0.022691,0.094562,0.013797,-0.114135,-0.045140,0.048548,0.117647,0.008030,0.006928,0.055629,0.075121,-0.023018,0.019314,0.036007,0.062448,0.044847,0.022707,-0.021409,-0.050234,-0.037793,-0.027517,-0.010839,0.061330,0.003612,0.041611,-0.032159,-0.103674,-0.080341,-0.044174,0.058664,-0.013829,0.081515,0.070971,-0.048738,-0.078459,0.095580,-0.015513,-0.101404,-0.025327,-0.004203,-0.123934,-0.077266,-0.029698,-0.083970,0.026849,-0.104486,-0.017543,-0.078634,0.029027,-0.082618,-0.015438,-0.000000,0.028713,0.101233,0.045529,-0.062076,-0.049080,-0.044423,0.061936,-0.018489,-0.024794,0.018773,-0.022172,0.082114,-0.064622,-0.078216,-0.108350,-0.074555,-0.030488,0.066940,0.055845,0.060382,0.016750,0.093877,0.073522,-0.032755,0.064383,0.041356,0.003639,-0.011304,0.065720,0.044203,0.016991,-0.053402,-0.062715,-0.051738,-0.015560,-0.010395,-0.032851,-0.053702,-0.068509,0.035257,0.049664,0.033527,0.013503,-0.038450,-0.080974,0.013530,0.048945,0.043716,0.052636,0.028948,-0.033990,-0.104853,0.000660,-0.047320,0.058732,-0.044302,-0.054221,-0.002218,0.009005,0.025205,0.014554,-0.048451,-0.079966,-0.017985,-0.111361,-0.012315,-0.002003,-0.073385,0.014630,-0.074185,0.024560,0.047897,0.057092,0.010574,0.031103,-0.069324,-0.079070,0.068339,0.008318,0.061927,0.002720,0.058865,0.043940,0.001385,0.054885,-0.004080,0.030345,-0.024376,-0.089267,-0.057496,-0.018256,-0.008531,0.082152,0.031650,0.027412,-0.000000,-0.009114,-0.034143,-0.014611,-0.000327,-0.034290,0.016340,0.010191,0.083936,0.041989,0.008263,0.112349,-0.030268,-0.039766,-0.035984,-0.037582,-0.097021,0.032209,-0.036383,-0.014780,-0.023572,0.060488,-0.051725,-0.004744,0.063426,-0.004413,0.012082,-0.023711,0.088247,0.016481,0.015486,0.073381,0.002550,-0.120618,0.091185,0.007926,-0.075960,0.039220,0.018756,-0.005510,0.097381,0.002959,-0.024018,0.048849,-0.002648,-0.029188,-0.025075,-0.051879,0.019753,0.088983,0.017086,0.039782,-0.061953,0.012076,-0.001841,-0.045018,0.072382,0.068335,0.057738,0.045635,0.021743,0.067734,0.052413,-0.047531,0.116693,-0.018587,0.044390,-0.000053,-0.091221,-0.007937,-0.055097,0.124436,-0.038636,0.026247,0.051793,0.032144,0.022854,0.051914,0.019490,0.022909,0.038812,0.081330,-0.001487,-0.005745,0.055068,-0.025136,-0.002413,0.014535,-0.138707,-0.018575,0.018298,-0.067360,-0.059021,0.056747,0.104499,-0.002123,-0.000000,-0.017818,-0.082180,0.015454,-0.059319,-0.050898,-0.037126,0.000613,-0.005968,-0.025931,-0.031043,0.039070,0.025711,-0.031426,-0.055821,0.012472,-0.023274,0.028290,0.045571,-0.005628,-0.001207,0.057116,-0.021208,0.061538,-0.011579,0.051562,-0.024886,0.083924,-0.030097,0.017551,-0.025276,0.002276,0.015646,0.077824,0.055122,0.020758,0.089469,-0.006107,0.064298,-0.004277,0.107551,-0.026488,-0.017285,-0.002600,-0.050482,0.009921,0.018485,-0.045085,-0.017737,0.029127,-0.119774,-0.015098,-0.041465,-0.025572,-0.044314,-0.122814,0.036635,0.003074,0.015675,-0.007987,-0.072739,0.014211,0.033197,0.020465,0.033867
elss_000	0.004814,-0.047479,-0.094778,-0.010971,0.137099,0.076383,-0.003393,0.012706,-0.013709,0.048065,-0.017778,-0.005389,-0.045204,-0.111214,-0.042404,-0.035597,-0.065921,-0.059530,0.025979,-0.033894,0.045280,-0.043436,-0.016937,0.045878,0.053369,-0.061154,0.000539,0.062527,-0.027737,-0.038862,0.110146,0.012053,-0.010352,-0.055040,-0.034326,0.077791,-0.087067,0.019661,-0.046492,-0.031049,0.025002,-0.056758,-0.028919,-0.082603,0.004579,-0.045270,-0.063277,0.005694,-0.040389,0.016954,0.026160,-0.022505,-0.004757,-0.042843,0.026750,0.006094,-0.028368,0.032350,0.039200,-0.016874,-0.050005,-0.054110,0.091005,-0.036277,-0.018992,-0.006385,0.013138,0.012048,0.008965,-0.012532,-0.033859,-0.085355,-0.076166,-0.027502,-0.012668,0.028601,0.030004,0.077843,0.048045,-0.103146,-0.015990,0.046981,0.044778,0.024175,-0.046964,-0.002558,0.065934,-0.091986,0.028410,-0.044357,0.064066,0.019579,0.022519,0.018250,-0.101924,-0.043686,-0.077653,-0.078825,-0.071312,-0.001642,0.056126,0.073901,-0.003477,-0.068653,-0.003667,-0.045228,0.039760,0.060926,0.015767,-0.020894,0.024992,0.064625,0.023461,0.001830,-0.019076,0.008424,-0.092540,-0.126577,0.068652,-0.011410,0.077642,-0.002555,0.030038,-0.104369,-0.001850,-0.039617,-0.013801,0.000000,-0.059348,0.056839,-0.015532,-0.053810,-0.050473,-0.068598,0.060542,0.063329,-0.065392,0.022011,-0.006004,0.042333,0.022072,0.039616,-0.040119,-0.108975,-0.008661,0.091088,-0.000423,-0.004900,0.028252,0.064154,0.062043,-0.121764,0.100498,-0.003879,0.025245,-0.030632,0.017585,0.064235,0.014009,0.039858,-0.056890,-0.040164,-0.032921,0.011932,0.005513,-0.040552,-0.025090,-0.042342,-0.015904,0.053089,0.037820,-0.009608,-0.030982,-0.013903,0.058345,0.018115,0.032629,0.022984,0.001963,-0.132836,0.052966,-0.006416,0.071388,0.043898,-0.088346,-0.038720,0.028237,0.017896,0.043793,-0.040489,-0.112574,0.031670,-0.041595,0.010280,0.075038,-0.088915,0.003418,-0.072692,0.027049,0.028673,0.049173,0.014820,-0.006612,-0.044603,-0.037513,0.109965,-0.009196,0.051090,0.001943,0.025632,0.028692,-0.053396,0.033039,-0.015262,-0.003668,0.098971,-0.029130,-0.027328,0.028412,-0.057680,0.091739,0.028442,-0.018698,-0.000000,0.013472,-0.000710,0.010700,0.049360,0.055619,0.052395,0.065131,0.047048,0.014176,0.040797,0.123564,0.007858,0.020613,-0.054892,0.024569,-0.093661,0.020985,-0.072283,-0.071817,-0.068160,0.054879,-0.019375,0.010521,0.069436,-0.036742,0.011954,-0.045434,0.053419,-0.072602,0.058332,-0.029801,-0.012944,-0.075366,0.028395,0.015380,-0.085598,-0.014560,0.007454,-0.078159,0.032623,-0.000049,0.039352,0.017966,-0.035403,0.059193,-0.008972,0.010906,0.017222,0.085564,0.046259,-0.052675,-0.057057,0.029750,0.021486,-0.029519,0.056370,0.043096,0.047979,-0.066998,0.055674,0.054774,0.048106,0.030262,0.099121,0.024949,0.017915,-0.030022,-0.095684,0.029308,-0.044886,0.086318,-0.032728,0.013322,0.027903,0.016923,0.019560,0.009713,-0.039386,-0.009069,-0.012355,0.083952,0.012330,-0.016316,0.092844,-0.009571,-0.060270,-0.045527,-0.126749,0.013453,-0.030777,-0.052431,-0.064832,0.010398,0.057795,-0.018884,-0.000000,0.025220,0.052652,-0.005019,-0.006297,-0.017931,-0.065259,-0.023057,-0.028400,-0.004628,0.019520,0.081338,0.076312,-0.018112,-0.037992,0.000165,-0.059734,0.066907,0.128398,-0.011105,0.023489,0.123816,0.018635,0.014845,-0.000099,0.077088,0.003734,0.029415,0.031288,0.075041,-0.011149,0.037339,0.023111,0.051065,0.072233,-0.031844,0.101607,-0.044367,0.056415,0.090051,0.080431,0.015524,-0.009923,0.026739,-0.090008,-0.061151,0.069955,-0.049978,-0.046239,-0.008531,-0.084096,-0.056299,-0.025397,0.010067,-0.007351,0.022709,-0.055850,-0.061139,-0.026238,0.058508,-0.055553,0.046453,-0.041647,0.012841,0.106319
elss_001	0.086538,-0.040894,-0.162321,0.064410,0.083860,-0.001876,0.033980,0.039361,-0.027278,0.038770,-0.067822,-0.034241,-0.030001,0.016850,-0.079468,-0.000595,0.001658,-0.070028,0.015052,0.018019,0.028068,0.035380,-0.001959,-0.003501,0.021185,-0.048507,0.023538,0.051103,-0.015538,-0.050783,0.046193,0.014544,0.012434,-0.033145,-0.063664,0.018405,-0.060795,-0.020488,-0.041590,-0.011030,0.006161,0.002327,0.059476,-0.010094,0.031547,0.032353,-0.041623,0.027704,0.022103,0.026048,-0.063053,-0.014272,-0.031705,-0.043204,-0.022812,0.008452,-0.083659,-0.088637,-0.002907,-0.053902,0.064004,0.014249,0.010097,-0.003960,0.099684,-0.034931,-0.038487,-0.014148,0.012788,0.025954,0.071728,-0.112046,-0.049449,-0.057098,-0.042252,0.083363,-0.012036,-0.004123,0.016897,-0.018787,0.002894,0.070250,0.113665,-0.013964,0.090956,0.006728,0.087146,-0.043683,-0.009467,0.021943,0.056431,-0.007526,-0.047912,0.051195,-0.009249,-0.027771,-0.082872,-0.064402,-0.041839,0.073981,0.058722,0.054222,-0.024813,0.031839,-0.067774,-0.043195,0.049235,0.022065,0.027981,0.035391,-0.008726,0.089926,-0.009799,-0.016183,-0.002048,0.081620,-0.097083,-0.013701,0.042872,0.097797,0.031110,-0.010377,-0.008111,0.019898,-0.058205,0.038976,-0.017343,0.000000,-0.082603,0.062182,-0.015113,-0.075072,-0.056964,-0.025510,0.046731,-0.022401,-0.027101,-0.026359,0.014305,0.095729,0.035173,-0.008820,0.015636,-0.066031,-0.000499,0.125283,0.043898,-0.000464,0.024139,0.031455,-0.011312,-0.047327,0.026941,0.081767,-0.007500,0.037156,-0.010809,0.056321,0.039619,0.017899,-0.047894,-0.120466,-0.015620,-0.019974,-0.019285,-0.029700,-0.030071,-0.020284,-0.001913,0.075007,0.042858,0.003384,-0.121790,0.054084,0.043017,0.085403,0.011142,0.050833,-0.071069,-0.075109,-0.076482,0.016890,0.020913,0.017253,-0.073100,-0.006812,-0.009223,-0.085006,-0.003928,-0.088890,-0.064627,-0.029583,-0.008939,0.069373,0.057418,-0.041444,0.056953,0.043515,-0.055733,0.041505,0.044857,0.015364,-0.018362,-0.051589,0.038828,0.067132,0.045858,0.062765,-0.066183,0.058699,-0.006791,-0.073317,0.011972,0.002599,0.005832,0.048975,-0.048329,-0.055432,0.080643,-0.005570,0.039904,-0.033117,-0.066931,-0.000000,0.000149,-0.027190,-0.089696,0.086167,-0.011222,0.003071,0.004024,0.038208,-0.034639,0.080369,0.053440,-0.012172,0.074648,-0.004306,0.010030,-0.076658,-0.033040,0.012122,0.012435,-0.088441,0.027535,0.051308,0.030226,0.025296,-0.009141,0.044362,-0.049074,-0.040530,-0.066519,-0.005534,0.034163,0.047340,-0.074321,0.063312,-0.068377,0.012183,0.054176,-0.052568,-0.042126,0.105939,0.031269,0.110076,0.014209,-0.061443,-0.015113,0.008129,0.070316,0.096172,0.144046,-0.087318,0.001403,-0.030186,0.078302,0.034797,-0.050763,0.027156,-0.012663,-0.015246,-0.027938,0.047355,0.051037,0.116919,-0.030741,0.008888,-0.051834,-0.024086,-0.084203,-0.022691,0.002957,0.044656,0.013830,0.023948,0.119154,0.058599,-0.060665,0.008453,0.104008,0.004411,0.047491,-0.041880,0.056082,0.081135,0.003484,0.051301,0.006706,0.013879,0.007436,-0.005132,0.001061,0.047720,-0.030906,0.006000,0.000445,0.028513,-0.021410,-0.000000,-0.017636,-0.064943,-0.004539,-0.018550,-0.059285,-0.007282,-0.036804,-0.000655,-0.022803,0.014171,0.111196,-0.021234,-0.165204,0.014984,-0.087214,-0.059251,0.018457,0.092894,-0.026335,-0.037603,0.067373,0.030851,0.022184,-0.093329,0.044239,0.002713,0.047008,0.022592,-0.031265,-0.030856,-0.066067,0.018889,0.022402,0.026506,-0.061642,0.102844,0.012519,0.073281,0.018872,0.044279,0.009400,-0.039071,-0.011860,-0.044692,-0.059103,0.019459,-0.082734,-0.086569,-0.000809,-0.112637,-0.052185,-0.036327,-0.013890,0.043755,-0.025732,0.005324,-0.070523,-0.054562,-0.054883,-0.002195,0.042945,-0.078678,-0.036742,0.010211
elss_002	0.073796,-0.035945,-0.086633,-0.021437,0.128207,0.063918,0.009764,0.055135,-0.039992,0.053050,-0.030157,-0.053853,-0.010014,-0.071710,-0.034539,-0.058742,-0.071576,-0.097040,-0.012541,0.013908,0.090079,-0.035262,-0.020933,0.017967,0.067503,-0.075252,0.049469,0.064061,0.005833,-0.060949,0.061333,0.028339,0.005610,-0.067949,0.008376,0.019744,-0.064429,0.003104,-0.032173,-0.034807,-0.020325,-0.023364,-0.048204,-0.083790,0.019587,-0.046001,-0.093358,0.023660,0.015154,0.013267,0.025324,0.027977,-0.011331,-0.031041,-0.014174,-0.046186,-0.009083,0.025761,0.030441,0.006554,-0.023855,-0.007231,0.074723,-0.040499,0.008857,0.023281,0.007146,-0.014864,-0.021991,0.038325,-0.058495,-0.076980,-0.073540,-0.089344,-0.022081,0.036510,0.052923,0.052776,-0.008200,-0.098563,-0.009208,0.033050,-0.012446,0.009489,-0.021013,-0.029775,0.062355,-0.094969,0.023758,-0.025312,0.102389,0.037604,0.006795,0.027612,-0.037202,-0.018901,-0.055918,-0.021581,-0.045996,-0.020657,0.071419,0.077968,0.034104,-0.073437,-0.020318,0.002614,0.070268,0.030319,0.014935,-0.013931,0.019084,0.070408,0.011039,-0.028935,-0.025254,0.033237,-0.079650,-0.122196,0.074264,0.019274,0.064706,0.018380,0.007487,-0.111225,-0.017089,-0.065333,-0.043557,0.000000,-0.058043,0.065497,-0.082972,-0.066467,-0.061240,-0.039013,0.073283,0.058680,-0.041153,0.003753,0.002156,0.013895,0.002026,-0.030533,-0.001576,-0.104852,0.034700,0.066858,-0.002215,-0.009592,-0.017804,-0.019813,0.054583,-0.082229,0.094301,0.003526,0.036923,-0.056326,0.019667,0.053734,0.055575,0.046573,-0.006212,0.026738,-0.027997,-0.011527,0.083567,0.008457,-0.024742,-0.050882,-0.043095,0.086801,0.041744,-0.015273,-0.046870,-0.016403,0.095306,0.039353,0.026540,0.037280,-0.068999,-0.110206,-0.021767,-0.003108,0.065747,-0.016178,-0.086318,-0.060696,0.000065,0.034019,0.025168,-0.043003,-0.057677,0.001217,0.011928,0.056498,0.054437,-0.107351,0.021025,-0.067855,-0.022457,-0.005344,0.090109,0.008959,0.005877,-0.031326,-0.011626,0.060586,0.044884,0.067907,-0.033013,0.032767,-0.008786,-0.037739,0.037071,-0.018900,0.044904,0.127864,-0.060513,-0.022502,0.044853,-0.036204,0.070144,-0.032610,-0.016204,-0.000000,0.022628,0.049428,0.008522,0.052804,0.031947,0.067622,0.095992,0.046515,0.006489,0.053343,0.090227,-0.007533,0.047991,-0.052547,0.009841,-0.090396,-0.006725,-0.045970,-0.041702,-0.044746,0.040018,-0.001039,0.027850,0.090432,0.004480,0.028170,-0.085577,0.030004,-0.069140,0.011845,-0.024523,-0.025548,-0.088741,0.039895,-0.032639,-0.103641,0.010047,0.039257,-0.021373,0.048675,0.026821,0.025608,0.022004,-0.065075,0.042242,-0.080298,0.036034,-0.001130,0.074802,-0.005200,0.005459,-0.084868,0.009221,0.022852,0.003406,0.054662,0.028490,0.036403,-0.086763,-0.017416,0.071794,0.119664,-0.007231,0.077885,0.028342,-0.026291,-0.018903,-0.088791,0.068535,-0.093874,0.031310,0.009406,0.068758,0.030380,0.004674,-0.001661,-0.007330,-0.078837,0.076437,0.004324,0.052797,0.069399,-0.016979,0.006547,-0.015540,-0.041496,-0.023342,-0.104764,0.019315,0.007592,-0.106505,-0.054596,0.011271,0.054133,-0.025172,-0.000000,0.009380,0.033097,-0.032231,0.001560,0.000811,-0.059376,-0.008484,-0.000198,-0.019979,0.078988,0.118735,0.031548,-0.043611,-0.001576,-0.068655,-0.071633,0.048404,0.143651,-0.024672,-0.029691,0.122319,0.007214,-0.029533,0.024257,0.066642,-0.010779,0.010351,0.010472,0.044565,-0.021921,0.014115,-0.007270,0.042208,0.007310,-0.063465,0.081907,-0.034226,0.074128,0.070527,0.125485,0.014704,-0.082206,0.005344,-0.094992,-0.060670,0.059676,-0.102843,-0.035075,-0.011878,-0.073351,0.003116,-0.038155,0.016650,0.000017,0.027957,-0.036925,-0.039513,0.029723,0.020453,-0.027221,0.038624,-0.017277,-0.038318,0.065605
elss_003	0.081097,-0.004938,-0.077993,-0.015554,0.046806,0.017307,0.091613,0.049892,-0.051349,0.037678,0.037738,-0.017213,0.034016,-0.016075,-0.076552,-0.066998,-0.007812,-0.052619,0.012497,0.037409,0.034261,-0.042896,0.033104,0.037948,0.091029,-0.047782,0.068189,-0.018003,0.001869,-0.045720,0.058383,0.033895,-0.046432,-0.086611,0.051867,0.068703,0.034215,-0.014014,0.006650,-0.033674,0.018576,0.009790,-0.010401,-0.038962,0.016271,-0.026789,-0.015034,0.014043,0.050624,0.004071,0.019023,0.047749,-0.024263,0.029005,-0.009356,-0.134210,-0.042731,0.081455,-0.007610,-0.010062,-0.075238,-0.037335,0.103038,-0.033629,0.038152,0.003232,-0.054036,0.000610,-0.056234,0.022690,-0.004466,0.001021,-0.094226,-0.042541,-0.086908,-0.016131,-0.040103,0.032986,-0.066471,-0.002883,-0.056752,0.032397,0.031806,-0.075972,-0.035471,-0.035017,0.090577,-0.005512,0.075960,0.054942,0.095352,0.074369,-0.023886,0.012842,-0.021971,0.004703,-0.008510,-0.008830,-0.004490,0.024209,0.042102,-0.053001,-0.020751,-0.032973,-0.022766,-0.026654,0.033501,-0.084104,0.008214,-0.009774,-0.035668,0.028958,-0.034877,-0.016420,-0.063934,0.060032,0.036338,-0.056686,0.047352,-0.062083,0.034026,0.014255,-0.005906,-0.061311,-0.043455,-0.082149,-0.031083,0.000000,0.012793,0.035093,0.006621,-0.046326,-0.091410,-0.023571,0.097164,-0.035599,-0.042763,-0.051306,0.012089,-0.003655,-0.024011,-0.085966,0.024828,-0.062051,-0.015421,0.099533,0.092948,-0.027430,-0.005572,-0.042142,0.028164,-0.013645,0.017785,0.087184,0.036727,-0.060632,0.054851,0.038819,0.066854,0.080748,0.005893,-0.080942,-0.044764,0.035961,-0.006153,0.034714,-0.035646,-0.023088,0.020840,0.034652,0.089502,-0.037175,-0.089859,-0.014181,0.146640,0.035915,-0.019570,0.024063,-0.015866,-0.090836,0.009179,0.036884,-0.017647,-0.037029,-0.051452,-0.081727,-0.073854,0.011838,0.044762,-0.077778,-0.045029,0.035273,-0.001171,0.050387,0.048026,0.026042,0.044546,-0.024501,0.016546,-0.033472,0.017094,-0.026964,0.086201,0.038284,0.043567,0.036186,0.084299,-0.000552,-0.042753,-0.020208,-0.083532,-0.074309,-0.016803,0.043452,0.052811,0.081023,-0.033856,-0.043284,0.046130,-0.084816,-0.001047,0.008947,0.003355,-0.000000,0.024000,0.041293,0.087101,0.050660,0.001289,0.017945,0.080595,0.083565,0.005702,0.141267,-0.040817,-0.043624,0.031154,0.017990,-0.050560,-0.063680,0.017510,-0.000599,0.033771,-0.063157,0.024412,0.038234,0.076043,0.087619,-0.036975,0.085796,-0.047262,0.025068,-0.054195,-0.004149,0.042135,0.020650,-0.068273,-0.040994,-0.035809,-0.124030,0.040380,0.012636,0.032588,0.013749,-0.014535,0.053394,0.043416,-0.041036,0.045641,-0.155384,-0.021307,0.050945,0.097365,-0.008276,-0.034491,0.028901,0.026915,0.017231,-0.040455,0.025987,-0.019755,0.095249,-0.049642,0.004213,0.011843,0.038214,-0.065209,0.024070,-0.035017,-0.014039,-0.028466,-0.067185,0.048589,-0.038499,0.051377,0.006251,0.074915,-0.024698,-0.024554,0.019104,0.104228,-0.037798,0.112158,0.036981,-0.006363,0.046923,-0.015886,-0.049875,0.032151,-0.060092,0.003286,-0.065436,-0.004029,0.028589,-0.061226,-0.009425,0.095766,0.062774,-0.056928,-0.000000,-0.036007,0.008633,-0.017088,0.012102,-0.015642,-0.012599,-0.015958,-0.059446,0.026426,-0.027593,0.071794,-0.040262,-0.065698,-0.011937,-0.060128,-0.043951,-0.028162,0.041085,-0.044748,0.010112,0.085494,-0.000086,-0.035690,-0.005785,-0.024569,0.022353,0.082958,0.028435,0.008692,-0.039791,-0.012084,0.026155,0.018603,0.005235,-0.121911,0.036501,0.049368,0.087515,0.013355,0.092470,0.025921,-0.082383,0.018915,-0.083738,-0.097850,0.031028,-0.154633,-0.017634,-0.048836,-0.074401,0.053446,0.025595,-0.076372,-0.006834,-0.053228,0.026629,-0.042027,0.056497,-0.113199,-0.030393,0.028357,-0.111461,0.014871,0.056652
elss_004	0.027770,-0.044377,-0.122964,0.063195,0.133705,-0.020694,0.060834,-0.055833,0.039364,-0.036729,-0.023591,-0.023970,0.004141,0.079582,-0.087347,-0.105324,-0.024160,0.055493,-0.021638,0.089144,-0.023327,0.041165,0.065864,0.056465,0.064184,-0.055232,0.028754,0.007777,-0.061565,0.007027,0.051453,-0.004007,-0.013507,-0.060001,0.016997,0.048851,-0.049284,-0.028562,0.037460,0.012799,-0.067613,0.063786,-0.048899,-0.002545,-0.067969,0.059641,-0.063461,0.022191,-0.011596,0.082617,0.059301,0.057084,-0.072090,-0.020725,-0.025420,-0.003657,-0.071420,-0.061208,-0.047373,-0.063837,-0.059902,-0.046913,0.025237,0.016612,0.028765,0.014712,0.031186,0.075552,-0.075327,-0.006044,-0.011941,-0.003100,-0.020633,-0.064688,0.021361,0.075423,0.006165,0.071689,-0.022464,0.000418,-0.031404,0.040222,0.066261,0.006858,-0.004970,-0.037573,0.085497,-0.064364,0.039100,-0.027398,0.027410,-0.011781,-0.004618,-0.065266,0.072818,0.022313,-0.055155,-0.001653,-0.014729,-0.033116,-0.000500,-0.032343,0.047388,-0.053106,0.011884,-0.013012,0.088566,0.035955,0.074828,0.003025,-0.009839,0.028535,0.016336,-0.018509,0.027591,-0.025180,0.019010,-0.038353,0.102715,0.036585,0.049259,0.020925,-0.039369,-0.043047,0.002023,-0.098022,-0.081866,-0.000000,-0.040215,-0.021542,0.021066,0.024260,-0.087269,0.049382,0.004124,0.046083,-0.043932,-0.060299,-0.020379,0.065749,-0.019880,-0.031819,0.016867,-0.077687,-0.013467,0.168309,0.125150,-0.054599,-0.021218,0.022260,0.044717,-0.041951,-0.013155,-0.039987,-0.039178,0.006948,0.024315,-0.013780,0.008512,0.054217,0.073526,-0.046919,-0.061993,0.026329,0.001441,0.091285,0.034014,0.023631,-0.072049,-0.037276,-0.015455,-0.084142,-0.065782,-0.018409,0.131412,0.008291,-0.095639,-0.049941,-0.065700,-0.096475,-0.000274,0.006253,0.076523,-0.065214,-0.022669,-0.019166,-0.101337,0.031489,0.017032,0.005407,-0.052781,-0.026771,-0.030751,-0.104069,-0.015345,0.056362,-0.009681,0.020992,-0.000709,-0.010391,-0.015716,0.119643,-0.006814,0.044536,0.025157,-0.022052,-0.029154,0.066215,-0.109469,-0.012013,0.008736,0.033264,-0.106666,-0.020580,0.074530,0.047791,-0.090404,-0.039111,0.088086,-0.046648,-0.025672,-0.024485,0.055209,-0.000000,0.037899,0.004578,0.068731,0.011343,-0.019340,0.002128,0.003582,-0.018627,0.034954,0.033857,-0.116050,0.022432,-0.047224,-0.070566,-0.049764,-0.061611,-0.022579,0.013914,-0.013791,-0.009216,0.053229,0.017715,0.115416,-0.080206,-0.082387,0.009080,-0.014975,0.010865,-0.012746,0.066846,-0.033917,-0.092648,-0.032361,0.024744,-0.001344,-0.048138,-0.031653,0.051955,0.008000,0.033269,0.038180,0.006812,0.016642,-0.062076,0.115695,-0.116362,0.002721,-0.060746,0.076304,-0.051491,-0.044276,-0.038184,0.005790,0.023622,-0.100351,0.051115,-0.008766,0.051774,0.028037,0.042606,0.052711,0.088768,0.017702,0.054231,-0.109955,0.013353,-0.000255,-0.025071,0.018164,0.059274,-0.005263,0.002169,0.023095,0.070153,-0.031564,0.016854,0.015791,-0.026843,0.000268,-0.033625,0.050309,-0.020752,-0.045827,-0.031289,-0.026929,-0.066865,0.056174,-0.018105,0.003706,-0.017257,0.048785,-0.109223,0.069238,0.086275,-0.042997,-0.000000,-0.033872,-0.040616,0.015863,-0.031264,-0.041865,-0.044643,-0.003811,-0.030268,0.059934,0.098151,0.088811,0.015874,-0.055755,0.067940,-0.054984,-0.031590,-0.017462,0.007088,0.007200,0.006253,0.008880,0.030962,-0.027776,0.012186,0.062034,-0.063567,-0.003430,0.049277,-0.014119,-0.095429,0.054486,0.029646,-0.050433,-0.001356,-0.012708,0.037185,-0.035005,0.056355,-0.012034,0.112585,0.009590,-0.019935,0.053315,-0.020278,0.059567,0.014539,-0.105775,-0.004788,-0.033460,-0.108898,0.022181,0.077565,-0.019719,0.035952,-0.056125,-0.045121,-0.028141,0.031852,-0.079208,0.006078,0.030298,0.001471,0.010275,-0.032414
elss_005	0.008132,-0.079494,-0.158289,0.012311,0.088396,0.054393,0.119131,0.096888,0.040190,0.023590,0.019390,-0.054579,-0.074329,0.002306,-0.044422,-0.061567,0.014073,-0.029316,-0.010311,-0.001621,-0.045929,-0.008577,0.044020,0.043392,0.030102,-0.031041,-0.008259,0.073001,-0.006037,0.003643,-0.048813,0.036137,0.027297,-0.038061,0.025029,0.059420,-0.051453,-0.043443,0.009186,0.014398,0.006859,0.009264,-0.009841,-0.016101,0.052598,0.005261,-0.030314,0.091466,0.073261,0.014639,-0.028024,0.043358,-0.005366,0.066046,-0.022386,0.116831,0.024463,-0.059406,0.006123,0.003088,-0.058113,-0.033360,0.088150,-0.005569,0.047824,-0.034299,-0.059989,0.046879,0.052036,-0.059026,-0.053783,-0.039000,-0.078157,-0.003769,-0.017048,-0.004913,-0.015910,0.066818,0.045233,-0.094013,-0.021464,0.030371,0.090688,0.006317,0.015937,0.007970,0.094822,-0.063684,0.052157,0.036233,0.043601,0.032552,0.007805,-0.037485,-0.047878,0.005697,-0.029451,-0.025511,0.024186,-0.002369,0.026962,-0.030685,-0.045516,-0.070495,-0.053879,0.022650,-0.001376,0.096549,0.067436,-0.038692,-0.054993,0.082688,-0.017381,-0.070637,-0.038151,-0.002469,-0.086015,-0.080020,0.016784,-0.069055,0.036578,-0.054722,-0.012399,-0.080327,0.025617,-0.068374,-0.038461,-0.000000,0.022989,0.071675,0.027671,-0.033507,-0.052619,-0.032309,0.038683,0.004072,-0.010266,0.010688,-0.032986,0.049518,-0.022153,-0.050283,-0.068337,-0.064488,-0.042705,0.091186,0.027490,0.032742,-0.023476,0.138388,0.101305,-0.034834,0.076341,-0.008361,-0.024450,0.029855,0.041340,0.038679,0.051254,-0.017531,-0.060613,-0.068733,-0.025539,-0.028163,-0.044663,-0.048853,-0.009135,0.082337,0.029971,0.038210,0.003274,-0.057906,-0.129805,-0.010109,0.061528,0.050814,0.020338,0.054594,-0.052445,-0.081870,0.041685,-0.033174,0.031358,-0.019656,-0.026910,-0.004872,0.010856,0.016761,-0.041964,-0.017108,-0.077098,-0.008707,-0.070487,0.011759,0.029930,-0.037003,0.023683,-0.054430,0.026736,0.016668,0.044436,0.049088,0.028354,-0.064036,-0.054935,0.058223,0.011660,0.086487,-0.073731,0.102073,0.045937,0.003597,-0.007129,-0.008407,0.045738,-0.034981,-0.120215,-0.066884,0.015486,-0.019949,0.044733,0.041758,-0.002057,0.000000,-0.015912,0.003460,-0.020347,0.003455,-0.053072,-0.018478,0.009908,0.080228,0.050908,0.045758,0.087273,-0.039295,-0.086303,-0.066393,-0.026316,-0.090555,0.018793,-0.028380,-0.061326,-0.005695,0.097289,-0.051901,0.045502,0.054604,0.010378,-0.005693,-0.060303,0.031615,0.013347,-0.001452,0.087533,-0.047403,-0.086656,0.054503,0.000641,-0.083813,0.044810,-0.005271,0.012081,0.067524,0.030469,-0.041513,0.044077,0.009141,-0.011811,0.007617,-0.029501,-0.014966,0.040715,-0.034940,0.024700,-0.053092,0.003672,0.041752,-0.048110,0.076619,0.008563,0.059168,0.016627,0.008064,0.118811,0.037524,-0.029853,0.092619,-0.050666,0.041303,-0.013955,-0.107628,-0.018431,-0.028495,0.136958,0.024795,0.042318,0.066565,-0.016235,0.013233,0.086217,-0.026247,0.046323,0.023664,0.029280,-0.057524,-0.022443,0.018260,-0.038051,-0.027651,0.019866,-0.090999,-0.036838,0.004412,-0.035589,-0.106808,0.013475,0.134490,-0.011655,-0.000000,-0.013977,-0.070021,-0.017095,-0.087455,-0.070494,-0.076452,0.025871,-0.000042,-0.009411,-0.003520,0.101821,0.014738,-0.086527,-0.041407,-0.021530,-0.006773,-0.011692,0.066027,0.002513,-0.002674,0.124707,-0.044591,0.019940,-0.014064,0.063675,-0.027560,0.070215,-0.006220,-0.001040,-0.081203,0.031216,-0.018343,0.059850,0.077316,0.016079,0.096750,-0.005408,0.019203,-0.003411,0.135396,-0.036095,-0.028752,-0.003087,-0.024639,-0.005783,0.005515,-0.067119,0.041316,0.013720,-0.116848,0.034487,-0.021033,-0.033582,-0.021609,-0.111231,0.014647,0.053344,-0.002139,-0.059119,-0.052530,0.019634,0.011341,0.027181,0.006917
elss_006	0.027352,-0.046781,-0.120133,-0.017705,0.083700,0.073783,0.026698,0.084250,-0.010774,0.021626,-0.037810,-0.063418,-0.063643,-0.045753,0.002145,-0.074728,-0.051166,0.006851,0.059381,0.000194,-0.010051,0.002964,-0.009833,0.030231,-0.005531,-0.016961,0.061748,0.043078,-0.018337,-0.008111,-0.018472,0.002468,-0.014479,-0.035680,0.038466,0.065925,-0.055023,-0.024522,-0.004504,-0.012555,0.022154,-0.043573,-0.010522,-0.044219,0.046512,0.006133,-0.025067,0.070751,0.046075,-0.003080,-0.063320,0.047456,0.023821,0.045861,-0.013024,0.089150,0.028330,-0.004667,0.029116,0.007879,-0.070884,-0.030133,0.073072,-0.027416,0.015636,-0.012141,-0.035101,0.071588,0.077640,-0.075953,-0.085590,-0.047174,-0.086688,-0.029893,-0.016434,0.004802,-0.022691,0.094562,0.013797,-0.114135,-0.045140,0.048548,0.117647,0.008030,0.006928,0.055629,0.075121,-0.023018,0.019314,0.036007,0.062448,0.044847,0.022707,-0.021409,-0.050234,-0.037793,-0.027517,-0.010839,0.061330,0.003612,0.041611,-0.032159,-0.103674,-0.080341,-0.044174,0.058664,-0.013829,0.081515,0.070971,-0.048738,-0.078459,0.095580,-0.015513,-0.101404,-0.025327,-0.004203,-0.123934,-0.077266,-0.029698,-0.083970,0.026849,-0.104486,-0.017543,-0.078634,0.029027,-0.082618,-0.015438,-0.000000,0.028713,0.101233,0.045529,-0.062076,-0.049080,-0.044423,0.061936,-0.018489,-0.024794,0.018773,-0.022172,0.082114,-0.064622,-0.078216,-0.108350,-0.074555,-0.030488,0.066940,0.055845,0.060382,0.016750,0.093877,0.073522,-0.032755,0.064383,0.041356,0.003639,-0.011304,0.065720,0.044203,0.016991,-0.053402,-0.062715,-0.051738,-0.015560,-0.010395,-0.032851,-0.053702,-0.068509,0.035257,0.049664,0.033527,0.013503,-0.038450,-0.080974,0.013530,0.048945,0.043716,0.052636,0.028948,-0.033990,-0.104853,0.000660,-0.047320,0.058732,-0.044302,-0.054221,-0.002218,0.009005,0.025205,0.014554,-0.048451,-0.079966,-0.017985,-0.111361,-0.012315,-0.002003,-0.073385,0.014630,-0.074185,0.024560,0.047897,0.057092,0.010574,0.031103,-0.069324,-0.079070,0.068339,0.008318,0.061927,0.002720,0.058865,0.043940,0.001385,0.054885,-0.004080,0.030345,-0.024376,-0.089267,-0.057496,-0.018256,-0.008531,0.082152,0.031650,0.027413,-0.000000,-0.009114,-0.034143,-0.014611,-0.000327,-0.034290,0.016340,0.010191,0.083936,0.041989,0.008263,0.112349,-0.030268,-0.039766,-0.035984,-0.037582,-0.097021,0.032209,-0.036383,-0.014780,-0.023572,0.060488,-0.051725,-0.004744,0.063426,-0.004413,0.012082,-0.023711,0.088247,0.016481,0.015486,0.073381,0.002550,-0.120618,0.091185,0.007926,-0.075960,0.039220,0.018756,-0.005510,0.097381,0.002959,-0.024018,0.048849,-0.002648,-0.029188,-0.025075,-0.051879,0.019753,0.088983,0.017086,0.039782,-0.061953,0.012076,-0.001841,-0.045018,0.072382,0.068335,0.057738,0.045635,0.021743,0.067734,0.052413,-0.047531,0.116693,-0.018587,0.044390,-0.000053,-0.091221,-0.007937,-0.055097,0.124436,-0.038636,0.026247,0.051793,0.032144,0.022854,0.051914,0.019490,0.022909,0.038812,0.081330,-0.001487,-0.005745,0.055068,-0.025136,-0.002413,0.014535,-0.138707,-0.018575,0.018298,-0.067360,-0.059021,0.056747,0.104499,-0.002123,-0.000000,-0.017818,-0.082180,0.015454,-0.059319,-0.050898,-0.037126,0.000613,-0.005968,-0.025931,-0.031043,0.039070,0.025711,-0.031426,-0.055821,0.012472,-0.023274,0.028291,0.045571,-0.005628,-0.001207,0.057116,-0.021208,0.061538,-0.011579,0.051562,-0.024886,0.083924,-0.030097,0.017551,-0.025276,0.002276,0.015646,0.077824,0.055122,0.020758,0.089469,-0.006107,0.064298,-0.004277,0.107551,-0.026488,-0.017285,-0.002600,-0.050482,0.009921,0.018485,-0.045085,-0.017737,0.029127,-0.119774,-0.015098,-0.041465,-0.025572,-0.044314,-0.122814,0.036635,0.003074,0.015675,-0.007987,-0.072739,0.014211,0.033197,0.020465,0.033867
small_cap_000	0.062810,-0.061015,-0.065853,0.005897,0.099086,0.068822,-0.032181,0.053141,-0.043104,0.066224,0.030637,-0.036834,-0.042394,-0.012619,-0.075026,-0.045241,-0.065512,-0.047313,0.035492,0.017400,-0.024260,0.007852,0.010719,0.028648,0.054611,-0.015062,-0.017893,0.037761,-0.038102,-0.022214,0.021870,0.042815,0.001359,-0.045831,-0.053405,0.090612,-0.002851,0.058576,-0.033664,-0.004985,0.013426,-0.025824,-0.011453,-0.026437,0.031133,-0.021866,-0.042414,0.028639,-0.039957,-0.079359,0.027054,-0.009693,0.043008,-0.024941,0.006213,0.113427,-0.005115,-0.057112,0.041880,0.024954,-0.053874,-0.024373,0.037573,-0.040470,0.059519,-0.010779,-0.012693,0.019897,-0.006010,-0.083406,-0.010000,-0.052970,-0.083280,0.008372,-0.036026,-0.030464,-0.039800,0.040620,0.088220,-0.035654,-0.082863,0.016450,0.055525,0.017946,-0.074217,0.018390,0.052334,-0.094704,-0.027160,-0.024196,0.042439,0.043793,0.017025,0.055018,-0.053258,-0.013427,-0.061729,-0.086157,-0.004548,0.014295,0.071673,0.014599,-0.065531,-0.051397,0.023615,-0.013235,0.047617,0.021998,0.023789,-0.026741,0.023194,0.067248,-0.057576,-0.025414,-0.051020,0.045534,-0.049395,-0.124421,-0.022430,-0.083828,-0.003105,-0.028045,-0.001920,-0.086082,-0.019525,-0.004120,-0.048513,0.000000,0.034705,-0.000685,-0.017960,-0.033699,-0.062280,-0.028787,0.027031,0.001656,-0.063151,0.033398,0.027597,0.036146,-0.061807,0.010227,-0.032506,-0.104854,0.026177,0.117423,0.019994,-0.028568,-0.060884,0.179011,0.061769,-0.095084,0.141024,0.006496,-0.009298,-0.020630,0.087936,0.071516,-0.017872,0.048420,-0.063731,-0.072961,-0.081065,-0.006066,-0.081101,-0.094090,-0.043201,0.012360,0.082490,0.057870,-0.035339,-0.041681,-0.040381,0.031397,0.080327,0.010162,-0.043318,0.016972,-0.024731,-0.075422,0.016330,0.013162,0.058466,0.028020,-0.059114,0.007457,0.068717,0.034822,-0.031459,-0.042543,-0.153742,0.122035,-0.053099,0.039859,0.109030,-0.047694,0.007788,-0.044539,0.038265,0.029720,-0.000088,0.047479,0.008666,-0.078944,0.017230,0.134768,-0.029341,0.001800,0.066961,0.073842,0.030360,-0.003655,-0.008268,-0.013587,-0.023338,0.051241,-0.055015,-0.065798,-0.032197,-0.030270,0.115310,0.032112,-0.011880,-0.000000,-0.023998,-0.038427,-0.008577,0.027477,0.057926,0.068821,0.030567,0.040372,0.022922,0.008536,0.043454,0.024102,-0.001342,-0.051996,-0.070967,-0.044607,0.063297,-0.101302,-0.039714,-0.047183,0.017275,-0.024968,0.022063,0.039347,0.041223,0.017915,-0.051922,0.026699,-0.086715,0.047807,-0.016556,0.015631,-0.052818,0.054075,-0.013616,-0.069410,-0.016084,0.006785,-0.042447,0.058118,-0.070506,-0.019084,0.046550,-0.051408,-0.013329,0.001343,0.016189,-0.025003,0.064198,0.023140,-0.052031,-0.038248,0.104502,0.006295,-0.030356,0.028131,0.070564,0.083847,-0.010629,0.029419,0.054332,0.003763,-0.001989,0.105577,-0.000260,0.055290,-0.053107,-0.112641,-0.014385,-0.043802,0.114204,-0.010447,0.104093,0.058639,-0.036991,0.026247,0.026561,-0.009711,0.015249,0.067390,0.074044,0.017660,-0.039673,0.053620,-0.000074,-0.056074,-0.001055,-0.064837,-0.085566,0.052800,-0.068966,-0.034217,0.025753,0.057932,0.004474,-0.000000,0.035104,-0.001012,0.034439,-0.037864,-0.034420,-0.054515,0.013787,-0.014721,0.026577,0.003593,0.037684,0.098068,-0.004351,-0.003586,-0.014814,-0.068853,0.020137,0.056900,-0.039903,0.022788,0.090260,0.061495,0.038333,-0.026198,0.026740,-0.055520,0.039930,0.043738,-0.007756,-0.041148,0.026305,0.032689,0.018313,0.043565,-0.006932,0.152194,-0.027006,0.025248,0.039002,0.037038,0.040240,-0.003370,0.039197,-0.062207,-0.066027,0.022796,-0.078142,0.023619,0.066113,-0.071872,-0.034583,0.037731,-0.009906,-0.043674,-0.006290,0.088153,0.004010,-0.021242,-0.001950,-0.063678,0.007967,-0.046716,0.023730,0.113511
small_cap_001	0.142952,-0.050634,-0.089405,0.076035,0.160346,0.057388,0.028885,0.089978,-0.068063,0.069115,-0.058100,-0.075358,-0.069242,-0.029585,-0.104779,-0.044239,-0.047619,-0.057686,0.020766,0.026463,-0.019058,0.015418,0.005647,0.041304,0.052641,-0.037778,0.012802,0.080998,-0.033741,-0.034230,0.009741,0.012890,0.052178,-0.044757,-0.059817,0.056625,-0.035124,-0.017749,-0.002678,-0.045062,0.012101,0.022195,0.023162,-0.031320,0.031991,-0.030086,-0.055920,0.002489,0.012437,-0.033344,0.011105,-0.024579,-0.033893,-0.071598,-0.028379,0.054596,-0.056416,-0.085215,0.065309,0.027331,-0.023623,-0.029816,0.061623,-0.009121,0.107660,-0.019561,-0.032983,-0.013817,-0.022279,-0.005554,-0.031699,-0.079335,-0.110663,0.006423,-0.026406,-0.001818,-0.049646,0.038089,0.039040,0.004769,-0.040916,0.017328,0.056175,0.010550,-0.007655,-0.010713,0.077541,-0.114269,-0.028763,0.000852,0.090172,0.028880,-0.042517,0.052113,-0.023158,-0.073374,-0.046850,-0.023268,-0.024191,0.022092,0.053435,0.063667,-0.044293,-0.049199,0.016591,-0.017466,0.082749,-0.018440,0.047580,0.001955,0.006426,0.111072,-0.048842,-0.029679,-0.011568,0.035815,-0.066425,-0.093912,-0.006339,0.039981,-0.003461,-0.005221,0.000819,-0.091574,-0.024022,-0.008475,-0.031688,0.000000,-0.000396,0.084975,-0.027436,-0.053162,-0.034891,-0.023061,0.047470,-0.008730,-0.043829,0.025087,0.018849,0.072881,0.010611,-0.063510,0.024497,-0.071185,0.037214,0.101167,-0.005399,-0.036740,-0.033907,0.063452,0.032541,-0.051727,0.084021,0.035771,0.048957,0.005049,0.070065,0.064391,-0.018793,0.049525,-0.076346,-0.098481,-0.051355,-0.034382,-0.031525,-0.028390,-0.055028,0.004178,0.037803,0.075645,0.017711,-0.020385,-0.050928,-0.009703,0.081574,0.054067,-0.008263,0.066458,-0.081544,-0.106664,-0.029090,0.072824,0.056829,0.054366,-0.038897,-0.009992,-0.006003,0.020098,0.034617,-0.038537,-0.103214,0.025017,-0.006733,0.128905,0.086296,-0.042436,0.018740,-0.039862,0.017589,-0.006662,0.040047,0.021984,-0.004297,-0.049316,0.041413,0.092088,0.032063,-0.009030,-0.033882,0.050612,0.048155,-0.032797,0.010698,-0.035249,0.021232,0.050138,-0.075633,-0.035820,0.028981,-0.040950,0.039246,-0.017055,-0.067167,-0.000000,-0.005057,-0.020487,-0.011298,0.044864,-0.017324,0.014389,0.020064,0.072080,-0.012444,0.040391,0.065795,-0.015042,0.018242,-0.038331,-0.010712,-0.037157,-0.022219,-0.053389,-0.011995,-0.057564,0.074362,0.036421,0.072444,0.076185,0.017610,0.009913,-0.028153,0.001198,-0.065527,-0.001583,0.009400,0.038523,-0.046695,0.053483,-0.068619,-0.047665,0.035998,-0.021421,-0.005790,0.118213,-0.013020,0.033473,0.036114,-0.115461,-0.009371,-0.013829,0.027413,0.029312,0.114524,-0.013668,0.011099,-0.082049,0.060551,0.023664,-0.088081,0.014260,0.027936,0.025395,-0.045306,0.003826,0.080212,0.098412,-0.013937,0.090534,-0.018821,0.009035,-0.079734,-0.098410,0.016133,-0.035052,0.051953,-0.022790,0.099867,0.082427,-0.057498,0.044827,0.047673,0.016108,0.073696,0.016084,0.049857,0.087617,-0.005971,0.044650,-0.011236,-0.040251,0.007153,-0.093773,-0.076338,0.076803,-0.062950,-0.004864,0.038473,0.057266,-0.046953,-0.000000,0.014871,-0.018188,0.017059,-0.010997,-0.067900,-0.003371,-0.041197,-0.035418,-0.026918,0.062405,0.051389,0.024394,-0.105919,0.021712,-0.073666,-0.038875,-0.012880,0.068520,-0.023698,-0.001631,0.108428,0.046118,0.042509,-0.030331,0.050469,-0.023368,0.043858,0.065446,-0.033932,-0.059654,0.008755,0.035428,-0.004911,0.049363,-0.042791,0.123012,-0.004667,0.036446,0.006803,0.100886,0.014073,-0.073169,-0.001590,-0.070655,-0.076979,0.027598,-0.072927,0.021405,0.077140,-0.096438,-0.012699,-0.042129,-0.040417,-0.015666,-0.034652,0.047682,-0.014029,0.014381,-0.030754,-0.022962,0.022200,-0.087449,-0.025143,0.050337
small_cap_002	0.123139,-0.048460,-0.076829,0.015168,0.113101,0.040145,0.043708,0.108217,-0.054844,0.053818,-0.015838,-0.092648,-0.064277,-0.015363,-0.084161,-0.058396,-0.055242,-0.083792,0.005482,0.024327,0.012266,-0.065813,0.020728,0.007678,0.069597,-0.035809,0.017709,0.047856,0.011623,-0.022337,-0.000275,0.042844,0.036806,-0.070654,0.071151,0.050549,-0.037715,-0.002283,-0.007903,-0.042743,-0.003511,-0.001224,-0.025598,-0.036448,0.045198,-0.036833,-0.073951,0.057752,0.006346,-0.031179,0.056552,0.020160,-0.006190,-0.024174,-0.006683,0.023910,0.002905,-0.021705,0.043815,0.048878,-0.070401,-0.023485,0.053223,-0.053222,0.056116,0.007688,0.005715,-0.010186,-0.024869,0.025354,-0.058326,-0.054508,-0.118161,-0.073841,-0.055196,-0.003180,0.001387,0.074776,0.039243,-0.022464,-0.041203,0.025116,0.031243,-0.008360,-0.065865,-0.027781,0.049123,-0.103384,-0.013983,-0.015974,0.078046,0.087565,-0.009372,0.042043,-0.016341,-0.017755,-0.053786,-0.003808,-0.032973,-0.028566,0.042803,0.011172,-0.014554,-0.088542,0.007897,0.007806,0.035176,-0.030950,0.030804,0.009909,-0.020724,0.037256,-0.024325,-0.035974,-0.008015,0.033052,-0.020682,-0.122415,-0.008984,0.009708,0.010671,0.011405,-0.003150,-0.112741,-0.079055,-0.051931,-0.043256,0.000000,-0.006739,0.030913,-0.040308,-0.037592,-0.062626,-0.058004,0.081064,0.014253,-0.032727,-0.006441,0.018778,0.029049,-0.065760,-0.071426,0.009285,-0.106646,0.050932,0.111018,0.023338,-0.006972,-0.071671,0.034070,0.059234,-0.060975,0.138785,0.014108,-0.003876,-0.056145,0.072650,0.048413,0.031236,0.013876,-0.036857,-0.041904,-0.074407,-0.034309,0.030524,-0.012284,-0.030721,0.003673,-0.006147,0.073757,0.029102,-0.058285,-0.069420,-0.002836,0.142461,0.013508,-0.028902,0.038068,-0.057820,-0.096979,-0.035471,0.036528,0.067570,-0.008815,-0.065562,-0.043202,0.008759,0.043362,0.001915,-0.069188,-0.112296,0.060571,0.003183,0.087956,0.063165,-0.006472,0.003584,-0.058301,0.015699,-0.054376,0.040180,-0.009465,0.036761,-0.018344,0.020355,0.083569,0.034930,0.034317,-0.015914,0.053324,0.026792,-0.039187,-0.009116,-0.022006,0.055315,0.062186,-0.085571,-0.052214,0.014329,-0.057171,0.048165,-0.010046,0.014657,-0.000000,0.034425,0.045709,0.013824,0.003969,0.004617,0.083172,0.062398,0.062471,0.019667,0.037448,0.012361,0.007328,0.001633,-0.037045,-0.082186,-0.070384,0.000222,-0.022698,-0.014300,-0.033222,0.067833,-0.029586,0.066514,0.088988,0.001154,0.021602,-0.073712,0.021069,-0.043336,0.016993,0.011639,0.010468,-0.060998,0.039919,-0.030087,-0.090816,0.017685,0.052761,0.031933,0.052662,0.009575,-0.000428,0.063686,-0.086955,-0.000239,-0.103730,0.003907,-0.025962,0.082164,-0.045373,-0.001841,-0.093493,0.031867,0.028818,-0.087397,0.059753,0.097855,0.044879,-0.042130,-0.016151,0.057278,0.056835,-0.043172,0.076196,-0.011925,-0.012918,-0.015781,-0.088758,0.062277,-0.109510,0.049044,0.026924,0.119610,0.053688,-0.038186,0.037129,0.029731,-0.046981,0.110497,0.049848,0.002115,0.084824,-0.038323,0.005086,-0.020663,-0.102554,0.031471,-0.134971,-0.060725,0.067297,-0.096855,-0.030187,0.047448,0.064117,-0.036559,-0.000000,0.019295,0.012070,0.039076,-0.005979,-0.027054,-0.048116,-0.014685,-0.008886,0.014773,0.059977,0.066369,0.046706,-0.041370,0.004013,-0.063841,-0.053641,0.014999,0.056101,-0.011063,-0.019188,0.083970,0.033736,0.017599,0.005616,0.017821,-0.021923,0.078758,0.009765,-0.021856,-0.015444,0.038126,0.014984,0.005492,0.048818,-0.051580,0.101204,-0.008052,0.005793,-0.019089,0.130737,0.024963,-0.039793,0.031402,-0.095223,-0.039737,0.025327,-0.121944,0.034506,0.035847,-0.073845,0.053882,-0.002933,-0.065658,-0.020266,-0.005534,0.034138,-0.012205,0.085547,-0.051793,-0.023470,0.023255,-0.024527,-0.010209,0.062460
small_cap_003	0.014495,-0.038283,-0.064903,-0.006925,0.069053,-0.004899,0.097215,0.010279,-0.047569,0.008832,0.042694,0.004484,-0.056490,0.008247,-0.054103,-0.042920,-0.029359,-0.024909,-0.049933,0.049940,0.078767,-0.018144,0.030931,0.040620,0.077200,-0.058478,0.022779,-0.017376,-0.049979,-0.013306,0.048884,0.040389,-0.080306,-0.069367,0.007260,0.059401,0.033214,-0.051710,0.049597,-0.045519,-0.025281,0.006805,-0.054486,-0.034850,0.018491,0.006369,0.027491,0.047840,0.024225,0.086939,0.018361,0.114495,-0.045195,-0.000491,-0.030638,-0.091902,-0.028989,0.051354,-0.033004,-0.045259,-0.093389,-0.048155,0.028486,-0.017707,0.017887,-0.017798,-0.040691,-0.020297,-0.037761,-0.020505,-0.014247,-0.049254,-0.048910,-0.075075,-0.055336,0.010074,-0.034405,0.081034,-0.070418,-0.100627,0.000538,0.035155,0.063225,-0.036790,0.024505,-0.046583,0.061444,0.011577,0.099792,0.089153,0.109192,0.007958,-0.004930,0.046827,-0.038119,-0.013081,-0.033497,-0.003296,-0.031556,0.014353,-0.001479,0.005653,-0.082898,-0.047445,-0.013662,-0.003042,0.037852,-0.033007,0.017219,-0.033994,-0.007124,0.066623,-0.026224,-0.032194,-0.029945,0.022341,-0.038767,-0.045089,0.097074,-0.071411,0.049547,-0.010330,-0.058329,-0.060772,-0.062186,-0.089188,0.012803,0.000000,-0.014137,0.058176,0.004011,-0.057467,-0.101840,-0.013767,0.083618,0.026160,-0.029744,-0.049618,0.031496,-0.008992,0.036335,-0.025149,0.025418,-0.014578,-0.018775,0.092213,0.133332,-0.000005,0.050030,-0.027825,0.027023,-0.025287,-0.008640,0.081075,-0.043397,-0.057328,-0.029102,0.043837,0.095892,0.041703,0.069232,-0.086936,-0.067356,0.075935,0.028988,0.031241,-0.016769,0.007785,-0.011065,0.043071,0.064207,-0.041082,-0.154047,-0.050667,0.113279,0.038000,-0.030696,0.004923,-0.040811,-0.093312,0.037045,0.011215,0.015891,-0.042566,-0.034005,-0.042472,-0.054388,0.005225,0.055030,-0.069481,-0.066960,0.031064,-0.030106,-0.002976,0.052206,0.000143,0.001855,0.020064,-0.003018,-0.022064,0.010742,-0.015769,0.042532,0.030292,0.015345,0.011961,0.093353,0.077665,-0.038913,-0.026142,-0.085278,-0.070219,0.009969,0.026835,0.055870,0.029790,-0.029241,0.007880,0.075935,-0.068222,0.035886,-0.048781,0.020912,-0.000000,0.031010,0.053221,0.044853,0.015411,-0.059537,0.026447,0.033236,0.087573,-0.063482,0.134721,-0.050126,-0.013684,0.007473,0.022536,-0.048428,-0.070844,-0.038551,0.064120,0.021358,-0.080815,0.037496,0.074611,0.117338,0.091855,-0.060792,0.021379,-0.049458,0.040569,-0.007446,-0.003169,0.057079,-0.013994,-0.033615,-0.010666,-0.006855,-0.022307,0.026771,0.014041,0.043933,0.079161,-0.015346,0.042861,0.043036,-0.023838,0.074195,-0.146163,-0.045147,0.077524,0.097575,-0.019123,0.003814,0.002345,0.021114,-0.048231,-0.041263,0.063094,-0.027720,0.033541,-0.063409,-0.013053,0.033778,0.029403,-0.024629,0.068886,-0.044479,-0.038343,0.034662,-0.042984,0.105571,-0.041467,0.009687,-0.060870,0.037446,-0.020626,-0.028397,0.010806,0.069611,0.018612,0.061323,0.030268,0.030997,-0.026297,-0.016659,-0.012716,0.025083,-0.059499,0.022862,-0.036899,0.016942,-0.004565,-0.001214,-0.024165,0.069924,0.048407,-0.000175,-0.000000,-0.024959,-0.020410,0.008895,0.040232,-0.062612,0.017144,0.006344,-0.045910,-0.017752,0.002306,0.101942,-0.032371,-0.085488,-0.030557,-0.090737,-0.044368,-0.017602,0.047968,-0.046740,0.017961,0.113250,0.005438,0.001540,-0.011674,0.005105,-0.020417,0.051538,0.002283,-0.003621,-0.032341,0.036869,-0.004276,0.027703,-0.002887,-0.065735,-0.022475,0.004204,0.039364,0.057610,0.127035,0.001210,-0.065714,0.029194,-0.032412,-0.064141,-0.012644,-0.161200,-0.043721,-0.050118,-0.142619,0.039580,0.075912,-0.078954,-0.000267,-0.063757,0.047882,-0.088609,0.068259,-0.078166,-0.032398,0.087990,-0.077270,-0.054111,0.004840
small_cap_004	0.027770,-0.044377,-0.122964,0.063195,0.133705,-0.020694,0.060834,-0.055833,0.039364,-0.036729,-0.023591,-0.023970,0.004141,0.079582,-0.087347,-0.105324,-0.024160,0.055493,-0.021638,0.089144,-0.023327,0.041165,0.065864,0.056465,0.064184,-0.055232,0.028754,0.007777,-0.061565,0.007027,0.051453,-0.004007,-0.013507,-0.060001,0.016997,0.048851,-0.049284,-0.028562,0.037460,0.012799,-0.067613,0.063786,-0.048899,-0.002545,-0.067969,0.059641,-0.063461,0.022191,-0.011596,0.082617,0.059301,0.057084,-0.072090,-0.020725,-0.025420,-0.003657,-0.071420,-0.061208,-0.047373,-0.063837,-0.059902,-0.046913,0.025237,0.016612,0.028765,0.014712,0.031186,0.075552,-0.075327,-0.006044,-0.011941,-0.003100,-0.020633,-0.064688,0.021361,0.075423,0.006165,0.071689,-0.022464,0.000418,-0.031404,0.040222,0.066261,0.006858,-0.004970,-0.037573,0.085497,-0.064364,0.039100,-0.027398,0.027410,-0.011781,-0.004618,-0.065266,0.072818,0.022313,-0.055155,-0.001653,-0.014729,-0.033116,-0.000500,-0.032343,0.047388,-0.053106,0.011884,-0.013012,0.088566,0.035955,0.074828,0.003025,-0.009839,0.028535,0.016336,-0.018509,0.027591,-0.025180,0.019010,-0.038353,0.102715,0.036585,0.049259,0.020925,-0.039369,-0.043047,0.002023,-0.098022,-0.081866,-0.000000,-0.040215,-0.021542,0.021066,0.024260,-0.087269,0.049382,0.004124,0.046083,-0.043932,-0.060299,-0.020379,0.065749,-0.019880,-0.031819,0.016867,-0.077687,-0.013467,0.168309,0.125150,-0.054599,-0.021218,0.022260,0.044717,-0.041951,-0.013155,-0.039987,-0.039178,0.006948,0.024315,-0.013780,0.008512,0.054217,0.073526,-0.046919,-0.061993,0.026329,0.001441,0.091285,0.034014,0.023631,-0.072049,-0.037276,-0.015455,-0.084142,-0.065782,-0.018409,0.131412,0.008291,-0.095639,-0.049941,-0.065700,-0.096475,-0.000274,0.006253,0.076523,-0.065214,-0.022669,-0.019166,-0.101337,0.031489,0.017032,0.005407,-0.052781,-0.026771,-0.030751,-0.104069,-0.015345,0.056362,-0.009681,0.020992,-0.000709,-0.010391,-0.015716,0.119643,-0.006814,0.044536,0.025157,-0.022052,-0.029154,0.066215,-0.109469,-0.012013,0.008736,0.033264,-0.106666,-0.020580,0.074530,0.047791,-0.090404,-0.039111,0.088086,-0.046648,-0.025672,-0.024485,0.055209,-0.000000,0.037899,0.004578,0.068731,0.011343,-0.019340,0.002128,0.003582,-0.018627,0.034954,0.033857,-0.116050,0.022432,-0.047224,-0.070566,-0.049764,-0.061611,-0.022579,0.013914,-0.013791,-0.009216,0.053229,0.017715,0.115416,-0.080206,-0.082387,0.009080,-0.014975,0.010865,-0.012746,0.066846,-0.033917,-0.092648,-0.032361,0.024744,-0.001344,-0.048138,-0.031653,0.051955,0.008000,0.033269,0.038180,0.006812,0.016642,-0.062076,0.115695,-0.116362,0.002721,-0.060746,0.076304,-0.051491,-0.044276,-0.038184,0.005790,0.023622,-0.100351,0.051115,-0.008766,0.051774,0.028037,0.042606,0.052711,0.088768,0.017702,0.054231,-0.109955,0.013353,-0.000255,-0.025071,0.018164,0.059274,-0.005263,0.002169,0.023095,0.070153,-0.031564,0.016854,0.015791,-0.026843,0.000268,-0.033625,0.050309,-0.020752,-0.045827,-0.031289,-0.026929,-0.066865,0.056174,-0.018105,0.003706,-0.017257,0.048785,-0.109223,0.069238,0.086275,-0.042997,-0.000000,-0.033872,-0.040616,0.015863,-0.031264,-0.041865,-0.044643,-0.003811,-0.030268,0.059934,0.098151,0.088811,0.015874,-0.055755,0.067940,-0.054984,-0.031590,-0.017462,0.007088,0.007200,0.006253,0.008880,0.030962,-0.027776,0.012186,0.062034,-0.063567,-0.003430,0.049277,-0.014119,-0.095429,0.054486,0.029646,-0.050433,-0.001356,-0.012708,0.037185,-0.035005,0.056355,-0.012034,0.112585,0.009590,-0.019935,0.053315,-0.020278,0.059567,0.014539,-0.105775,-0.004788,-0.033460,-0.108898,0.022181,0.077565,-0.019719,0.035952,-0.056125,-0.045121,-0.028141,0.031852,-0.079208,0.006078,0.030298,0.001471,0.010275,-0.032414
small_cap_005	0.048231,0.032975,-0.054040,0.065275,0.083550,-0.015432,0.096510,0.000811,0.079094,-0.005865,-0.034996,0.015533,-0.030694,-0.028451,-0.096908,-0.028463,0.009324,-0.012709,-0.033011,0.058079,0.006269,-0.021954,-0.036521,0.002474,0.026217,-0.009202,-0.048712,-0.030413,0.004373,-0.010028,-0.027959,-0.011347,-0.105394,-0.082440,0.021828,0.060531,-0.049061,-0.067436,0.011131,0.028047,0.004221,0.050306,0.032495,0.033844,-0.010098,0.057702,-0.073619,0.016312,0.004079,0.093184,0.068078,0.018454,0.029240,0.110629,-0.017873,0.004992,0.161442,-0.104321,-0.048619,0.041175,0.003205,0.015033,-0.029873,0.004203,0.045952,0.014198,-0.008433,-0.018581,-0.034512,-0.016287,-0.070323,-0.118316,-0.025035,0.000736,-0.007147,0.015526,0.042401,0.044866,-0.030329,-0.044251,0.023608,0.036918,0.041849,-0.010469,-0.026199,-0.009299,0.053701,-0.041002,0.161674,0.089319,-0.054543,0.110743,-0.012666,0.047620,0.033580,-0.019489,-0.025304,-0.045706,-0.011049,0.012379,-0.004354,-0.026380,0.073281,-0.003443,-0.021442,-0.064174,0.004254,0.014053,0.043316,-0.000197,-0.013819,-0.033370,0.038885,-0.071598,0.066556,0.037311,-0.063210,0.038832,0.066925,-0.008252,0.076151,0.095462,-0.035409,-0.080519,-0.012525,-0.019288,-0.001527,-0.000000,-0.032765,-0.132720,0.000934,0.052527,-0.042798,-0.012605,0.027340,0.003729,-0.010241,-0.008169,0.016505,-0.007638,-0.021134,-0.000264,0.079879,-0.058559,0.042880,0.065758,0.107861,-0.042631,0.050948,-0.002387,0.009065,-0.041597,0.033551,0.039257,-0.066572,-0.007735,-0.025726,0.011945,0.032504,-0.019909,0.010106,-0.081821,-0.039627,-0.064158,-0.057897,0.009227,0.004462,-0.078285,-0.046978,-0.019260,0.016558,-0.014597,-0.142379,-0.071121,0.120081,0.006094,-0.071257,0.004021,-0.003684,-0.110222,0.016084,0.016958,-0.002955,-0.027611,-0.069028,-0.039760,-0.005130,-0.046940,0.001666,0.021653,-0.067514,0.057926,-0.029460,-0.028124,-0.030580,-0.023251,-0.009723,0.065144,-0.042656,-0.060711,0.077542,0.002120,0.020200,-0.005897,-0.029460,-0.002732,0.054777,0.095090,0.046778,-0.031952,-0.028678,-0.055229,0.035606,0.050714,0.058967,-0.093013,-0.085265,-0.043125,-0.027453,-0.017292,-0.063679,0.066960,-0.019029,-0.000000,-0.004873,0.016236,-0.028761,0.003080,-0.016057,0.038878,0.017552,-0.010937,0.003497,0.100097,-0.046705,-0.062324,-0.093171,0.040276,-0.044609,-0.113652,0.021293,-0.057675,0.004364,0.006802,0.043974,-0.026658,-0.040287,-0.018335,-0.023969,-0.042341,-0.038512,-0.030571,-0.144696,0.017416,0.041578,-0.015764,0.022095,0.104044,-0.054157,0.012669,-0.002327,0.003450,0.007305,0.016033,0.006511,0.057773,0.110869,-0.019032,0.016309,-0.010889,-0.052131,-0.012737,0.005265,-0.017476,-0.049334,-0.006884,-0.000430,0.067173,-0.060829,0.009276,-0.007885,0.039683,-0.013266,0.011752,0.090126,0.015566,0.085403,0.003755,-0.031121,-0.037618,-0.018800,-0.009427,-0.007685,-0.009847,-0.056300,0.034601,0.050426,0.015031,-0.017891,0.027412,0.049930,-0.137683,-0.011889,0.013134,0.018214,-0.070781,0.004299,0.070238,0.030525,-0.065940,-0.031899,-0.030431,0.027479,0.028758,0.029091,-0.048447,0.026036,0.055400,0.014767,-0.000000,-0.054966,0.008744,0.076085,-0.059912,0.001258,-0.055532,0.093894,0.035861,0.029830,0.035330,0.102441,0.008952,-0.050175,0.094011,-0.106253,-0.007532,0.025984,0.056684,0.042066,-0.031669,-0.003454,-0.045940,-0.021856,-0.027885,0.034939,-0.060850,0.073462,-0.003751,0.004560,-0.039667,0.020902,0.033644,-0.014011,-0.012267,-0.117150,0.177156,-0.038819,0.003892,0.021300,0.122148,-0.014766,0.066815,0.020773,-0.010661,0.006538,0.016733,-0.116607,0.082434,-0.056752,-0.113572,0.047539,-0.039458,-0.053455,0.076674,0.033270,-0.103527,-0.015489,0.049932,-0.078975,0.021361,0.010994,-0.030478,0.047379,-0.000737
small_cap_006	0.019079,-0.019227,-0.074284,0.048218,0.104308,0.051710,0.063410,0.046390,0.047982,0.018447,-0.016429,-0.013719,-0.086556,-0.044869,-0.063021,-0.064333,0.015892,-0.017791,-0.005510,0.036183,-0.021356,-0.025454,-0.053599,0.041270,0.012796,-0.025572,-0.014611,0.005882,0.000055,-0.000384,-0.023173,-0.009819,-0.109954,-0.061135,0.053608,0.064510,-0.066282,-0.067904,-0.011897,-0.020114,0.019247,-0.004208,0.013817,0.035023,0.030740,0.038761,-0.047507,0.039030,0.024416,0.030694,0.020510,0.031296,0.034634,0.099995,-0.014544,0.079208,0.157758,-0.084141,-0.003107,0.072706,-0.049297,0.005240,-0.027103,-0.008820,0.060790,0.004898,-0.014737,0.009007,0.056176,-0.002680,-0.085096,-0.108576,-0.092266,0.024674,0.002736,-0.005245,0.014147,0.040359,-0.009348,-0.073525,-0.024422,0.043585,0.082826,-0.022477,-0.000647,-0.023273,0.073942,-0.072759,0.142463,0.062099,0.012297,0.114274,0.019166,0.026778,0.010779,-0.053317,-0.018833,-0.034208,0.001875,-0.007826,0.045711,-0.011199,-0.025111,-0.035629,-0.008797,-0.004814,-0.014115,0.030535,0.075610,-0.033622,-0.044023,0.013489,0.055609,-0.090886,0.035381,0.042866,-0.091097,-0.008580,0.013594,-0.057271,0.036682,0.009617,-0.049452,-0.116296,0.012466,-0.064837,0.032082,-0.000000,0.004704,-0.062041,-0.019828,0.017759,-0.041827,-0.016416,0.030666,-0.003287,-0.025432,0.014471,0.031358,0.005283,-0.064029,-0.060372,0.006839,-0.107191,0.014608,0.068909,0.105769,0.013856,0.039398,0.018459,0.063357,-0.074922,0.037963,0.053722,-0.041045,-0.030055,0.047583,0.037409,0.005234,-0.032265,-0.040134,-0.051706,-0.065680,-0.067123,-0.051204,-0.029812,-0.027685,-0.047842,-0.013173,0.038537,0.000609,-0.026269,-0.096819,-0.083432,0.139367,0.001639,-0.081391,0.016147,-0.020624,-0.140622,0.022049,0.015115,0.005625,-0.020432,-0.048078,-0.026969,0.013961,0.013152,0.003415,0.015179,-0.100261,0.063083,-0.050079,0.007585,-0.018220,-0.071073,-0.027284,0.001089,-0.001751,-0.029759,0.062263,-0.022256,0.052044,-0.049058,-0.076863,0.031522,0.074387,0.069339,0.033678,0.017044,0.013514,-0.004445,0.050612,0.020951,0.041024,-0.095958,-0.133676,-0.065342,-0.062226,-0.036793,0.031955,0.044831,0.041694,-0.000000,-0.007093,-0.007096,-0.020882,0.025478,-0.017537,0.042613,0.007663,0.040593,0.027945,0.092272,0.041359,-0.081529,-0.077135,-0.000918,-0.027474,-0.147594,0.027377,-0.045012,-0.033958,0.033931,0.084607,-0.053530,-0.034752,0.030689,0.012560,-0.025404,-0.016857,0.046562,-0.117131,0.013635,0.068597,-0.002340,-0.042569,0.105869,-0.038924,0.000546,0.029099,0.055591,-0.040335,0.080812,0.033467,0.033175,0.079325,-0.026172,-0.030980,-0.017035,-0.073276,0.004247,0.019598,0.021171,-0.045966,-0.061305,0.017739,0.056799,-0.079701,0.032882,0.050672,0.076794,-0.002046,0.009210,0.109153,0.039167,0.059188,0.039799,-0.005804,-0.015281,-0.003683,-0.039044,0.013849,-0.030675,0.021725,0.044953,0.049218,0.023098,0.013335,0.034860,0.051950,-0.102400,0.013380,-0.008225,0.043011,-0.071677,-0.010848,0.056291,0.036933,-0.054817,-0.023751,-0.093682,0.008374,0.037376,0.021515,-0.080850,0.068677,0.085231,-0.015855,-0.000000,-0.029202,-0.002912,0.070028,-0.057376,-0.031211,-0.073925,0.059249,0.014063,0.012957,0.008496,0.125220,0.031223,-0.015842,0.045385,-0.074999,-0.035627,0.052336,0.027466,-0.003674,-0.013576,0.025383,-0.059791,0.001654,0.001052,0.056460,-0.058272,0.088115,-0.028593,0.021986,-0.028891,0.016044,0.026062,0.015101,0.060515,-0.063415,0.163602,-0.034612,0.007239,-0.015332,0.119814,-0.017940,0.060871,-0.003331,-0.020368,0.022177,0.033195,-0.102726,0.055107,-0.016667,-0.096252,0.030686,-0.058161,-0.051821,0.015555,-0.008698,-0.050415,-0.000231,0.052039,-0.065389,0.000256,0.014495,-0.030820,0.001696,0.014458
small_cap_007	0.027352,-0.046781,-0.120133,-0.017705,0.083700,0.073783,0.026698,0.084250,-0.010774,0.021626,-0.037810,-0.063418,-0.063643,-0.045753,0.002145,-0.074728,-0.051166,0.006851,0.059381,0.000194,-0.010051,0.002964,-0.009833,0.030231,-0.005531,-0.016961,0.061748,0.043078,-0.018337,-0.008111,-0.018472,0.002468,-0.014479,-0.035680,0.038466,0.065925,-0.055023,-0.024522,-0.004504,-0.012555,0.022154,-0.043573,-0.010522,-0.044219,0.046512,0.006133,-0.025067,0.070751,0.046075,-0.003080,-0.063320,0.047456,0.023821,0.045861,-0.013024,0.089150,0.028330,-0.004667,0.029116,0.007879,-0.070884,-0.030133,0.073072,-0.027416,0.015636,-0.012141,-0.035101,0.071588,0.077640,-0.075953,-0.085590,-0.047174,-0.086688,-0.029893,-0.016434,0.004802,-0.022691,0.094562,0.013797,-0.114135,-0.045140,0.048548,0.117647,0.008030,0.006928,0.055629,0.075121,-0.023018,0.019314,0.036007,0.062448,0.044847,0.022707,-0.021409,-0.050234,-0.037793,-0.027517,-0.010839,0.061330,0.003612,0.041611,-0.032159,-0.103674,-0.080341,-0.044174,0.058664,-0.013829,0.081515,0.070971,-0.048738,-0.078459,0.095580,-0.015513,-0.101404,-0.025327,-0.004203,-0.123934,-0.077266,-0.029698,-0.083970,0.026849,-0.104486,-0.017543,-0.078634,0.029027,-0.082618,-0.015438,-0.000000,0.028713,0.101233,0.045529,-0.062076,-0.049080,-0.044423,0.061936,-0.018489,-0.024794,0.018773,-0.022172,0.082114,-0.064622,-0.078216,-0.108350,-0.074555,-0.030488,0.066940,0.055845,0.060382,0.016750,0.093877,0.073522,-0.032755,0.064383,0.041356,0.003639,-0.011304,0.065720,0.044203,0.016991,-0.053402,-0.062715,-0.051738,-0.015560,-0.010395,-0.032851,-0.053702,-0.068509,0.035257,0.049664,0.033527,0.013503,-0.038450,-0.080974,0.013530,0.048945,0.043716,0.052636,0.028948,-0.033990,-0.104853,0.000660,-0.047320,0.058732,-0.044302,-0.054221,-0.002218,0.009005,0.025205,0.014554,-0.048451,-0.079966,-0.017985,-0.111361,-0.012315,-0.002003,-0.073385,0.014630,-0.074185,0.024560,0.047897,0.057092,0.010574,0.031103,-0.069324,-0.079070,0.068339,0.008318,0.061927,0.002720,0.058865,0.043940,0.001385,0.054885,-0.004080,0.030345,-0.024376,-0.089267,-0.057496,-0.018256,-0.008531,0.082152,0.031650,0.027413,-0.000000,-0.009114,-0.034143,-0.014611,-0.000327,-0.034290,0.016340,0.010191,0.083936,0.041989,0.008263,0.112349,-0.030268,-0.039766,-0.035984,-0.037582,-0.097021,0.032209,-0.036383,-0.014780,-0.023572,0.060488,-0.051725,-0.004744,0.063426,-0.004413,0.012082,-0.023711,0.088247,0.016481,0.015486,0.073381,0.002550,-0.120618,0.091185,0.007926,-0.075960,0.039220,0.018756,-0.005510,0.097381,0.002959,-0.024018,0.048849,-0.002648,-0.029188,-0.025075,-0.051879,0.019753,0.088983,0.017086,0.039782,-0.061953,0.012076,-0.001841,-0.045018,0.072382,0.068335,0.057738,0.045635,0.021743,0.067734,0.052413,-0.047531,0.116693,-0.018587,0.044390,-0.000053,-0.091221,-0.007937,-0.055097,0.124436,-0.038636,0.026247,0.051793,0.032144,0.022854,0.051914,0.019490,0.022909,0.038812,0.081330,-0.001487,-0.005745,0.055068,-0.025136,-0.002413,0.014535,-0.138707,-0.018575,0.018298,-0.067360,-0.059021,0.056747,0.104499,-0.002123,-0.000000,-0.017818,-0.082180,0.015454,-0.059319,-0.050898,-0.037126,0.000613,-0.005968,-0.025931,-0.031043,0.039070,0.025711,-0.031426,-0.055821,0.012472,-0.023274,0.028291,0.045571,-0.005628,-0.001207,0.057116,-0.021208,0.061538,-0.011579,0.051562,-0.024886,0.083924,-0.030097,0.017551,-0.025276,0.002276,0.015646,0.077824,0.055122,0.020758,0.089469,-0.006107,0.064298,-0.004277,0.107551,-0.026488,-0.017285,-0.002600,-0.050482,0.009921,0.018485,-0.045085,-0.017737,0.029127,-0.119774,-0.015098,-0.041465,-0.025572,-0.044314,-0.122814,0.036635,0.003074,0.015675,-0.007987,-0.072739,0.014211,0.033197,0.020465,0.033867
balanced_advantage_000	-0.037177,-0.042526,-0.113266,-0.013072,0.080240,0.045534,-0.013105,0.022293,-0.036000,-0.010936,-0.018972,-0.067081,-0.027888,-0.076050,-0.023062,0.002677,-0.008021,-0.019558,0.024550,-0.004214,-0.054651,-0.014237,-0.004031,0.025018,-0.005351,-0.015895,-0.022961,0.056242,-0.012616,-0.021478,0.075516,0.075379,0.078337,-0.061143,-0.057229,0.080802,-0.040908,-0.025661,-0.022750,-0.035082,-0.007627,-0.044637,0.017829,-0.049445,0.015772,-0.021368,-0.057765,0.023371,0.019690,-0.044098,-0.035255,-0.016151,0.001939,-0.026342,0.020679,0.066851,-0.010184,-0.024888,0.024701,-0.008914,-0.045104,-0.045387,0.067397,-0.025765,0.040038,-0.037221,0.000647,0.036945,0.001883,-0.051234,-0.018072,-0.072495,-0.076804,-0.059534,0.021139,0.050514,-0.001043,0.032324,0.104176,-0.085269,-0.063832,0.039126,0.113891,0.003283,-0.007647,-0.020729,0.004292,-0.077242,-0.001442,0.000062,0.066677,0.044931,0.019104,0.060379,-0.058331,-0.020161,-0.114641,-0.070440,-0.053609,0.008229,0.039725,0.032095,-0.005025,-0.020315,0.031217,-0.012852,0.048789,0.041743,0.099163,-0.042247,0.026844,0.081615,-0.007875,-0.051365,-0.087751,0.004668,-0.097367,-0.097315,-0.014050,-0.020415,0.047642,-0.012380,-0.049311,-0.052405,-0.038501,-0.029828,-0.029086,0.000000,0.016373,-0.002270,0.023697,-0.020292,-0.071407,-0.067350,-0.010052,-0.000506,-0.051301,-0.000508,0.017661,0.109282,-0.067910,0.023056,0.013503,-0.155471,-0.040069,0.108617,0.080936,-0.007992,-0.018862,0.090216,0.032615,-0.134150,0.140750,0.018596,-0.014077,0.005826,0.033220,0.079770,0.007007,-0.073803,-0.132514,-0.094590,-0.068473,-0.043394,-0.086990,-0.035747,-0.060273,0.041162,-0.042359,0.043436,-0.038899,-0.025770,-0.017740,0.013183,0.062824,0.011048,0.001667,0.045787,-0.047954,-0.105991,0.037732,-0.015278,0.034722,0.029617,-0.068451,0.036296,0.016488,0.053358,-0.048996,-0.005396,-0.134284,0.102913,-0.076649,0.052646,0.082549,-0.057245,0.040609,-0.036697,0.076732,0.063742,0.015441,0.039602,-0.042017,-0.058749,0.018650,0.141716,0.008536,0.055328,0.006255,0.073565,0.057114,-0.019594,-0.036296,0.059254,0.022641,0.015263,-0.092926,-0.057009,0.004471,-0.065905,0.103848,0.019581,0.055845,-0.000000,0.013834,-0.005229,-0.008365,-0.055776,0.009851,0.052376,0.049659,-0.000675,-0.038119,0.013250,0.075529,0.033747,-0.003660,-0.077042,-0.012465,-0.061437,0.031648,-0.044062,-0.105012,-0.030779,0.072080,0.008532,0.020011,0.057140,-0.024321,0.008775,-0.032986,0.013044,-0.028086,0.052777,0.022768,-0.004979,-0.033027,0.039052,0.038078,-0.066295,-0.003746,0.030821,-0.057571,0.072012,-0.011493,0.023885,0.046166,-0.028464,-0.019146,0.079899,-0.005754,-0.005708,0.091953,-0.004932,-0.037079,-0.017739,0.063061,0.018258,-0.047197,-0.017631,0.090316,0.066220,-0.037515,-0.006742,0.034670,0.046753,0.007789,0.041292,0.005615,0.103201,-0.042163,-0.144479,0.040467,-0.044987,0.075958,-0.010390,0.070034,0.038747,-0.035205,0.068433,0.080282,-0.010979,-0.007544,0.040112,0.006759,-0.001516,-0.004287,0.071496,-0.043127,-0.065688,-0.029566,-0.145257,-0.022985,0.014860,-0.037516,-0.016626,-0.010319,0.043838,0.001783,-0.000000,0.040429,-0.037135,0.000845,-0.028689,-0.035848,-0.045659,-0.032140,-0.062099,0.026735,0.028255,0.032553,0.065987,0.017375,-0.033600,-0.001170,-0.056582,0.013841,0.041936,-0.007593,0.022653,0.090130,0.040479,0.048010,-0.011139,0.023847,-0.028530,0.023068,-0.066480,0.055295,-0.006681,0.074354,0.036753,0.008509,0.048492,0.044629,0.111552,0.023310,0.029391,0.022847,0.102078,0.030897,0.001587,0.066286,-0.045190,0.000713,0.035421,-0.043089,0.055020,0.072320,-0.062914,-0.028637,-0.005081,-0.017596,0.006334,-0.034102,0.024407,-0.002566,-0.037165,0.024766,-0.025324,0.073021,-0.087075,-0.006053,0.074264
balanced_advantage_001	0.064106,-0.037590,-0.151177,0.018790,0.116893,0.041902,0.002069,0.049775,-0.078143,0.026181,-0.070054,-0.057503,-0.032321,-0.042033,-0.060883,-0.007952,-0.004852,-0.073975,0.021233,0.045027,-0.042694,-0.000883,0.017157,0.005295,0.018690,-0.004640,-0.006723,0.051791,-0.009885,-0.042412,0.037766,0.033635,0.079896,-0.030283,-0.051201,0.038268,-0.077676,-0.038778,-0.032067,-0.068573,-0.005550,-0.022370,0.041833,-0.024719,0.019382,-0.013109,-0.073074,0.000669,0.060128,0.034284,-0.019047,-0.002263,-0.021139,-0.014803,-0.008263,0.074057,-0.060399,-0.089205,-0.008081,-0.041053,0.013449,-0.013241,0.053884,-0.018954,0.074543,-0.051937,-0.021785,0.040483,-0.009116,0.006995,0.000112,-0.077335,-0.086929,-0.067867,0.023061,0.080197,0.010940,-0.020614,0.024082,-0.060209,-0.022802,0.074252,0.125575,0.000025,0.053018,-0.017468,0.042466,-0.097084,-0.031053,-0.016186,0.077146,0.008982,-0.012056,0.041053,-0.015436,-0.015957,-0.114844,-0.031569,-0.059229,0.024785,0.074145,0.055340,-0.003741,-0.009212,-0.006740,-0.009022,0.081377,0.019273,0.069902,-0.020265,0.025418,0.107098,0.002277,-0.047769,-0.013996,0.023430,-0.080890,-0.052941,0.012313,0.048024,0.048619,-0.038835,0.004168,-0.016584,-0.026338,0.002333,-0.019907,0.000000,-0.032327,0.039514,-0.004016,-0.077199,-0.051922,-0.045360,0.036362,-0.021966,-0.068636,-0.003539,0.026304,0.116621,-0.010702,-0.052139,-0.004911,-0.123832,-0.056922,0.094523,0.057387,-0.003084,-0.014806,0.047607,0.016570,-0.065108,0.076259,0.003164,0.017337,0.019900,0.010352,0.070249,0.007509,-0.002874,-0.111124,-0.074226,-0.064017,-0.022139,-0.048235,-0.010659,-0.073063,0.020079,-0.026463,0.078196,0.024179,-0.044709,-0.066018,-0.000427,0.074967,0.092339,-0.007734,0.094451,-0.095406,-0.115008,-0.069509,0.021523,0.004084,0.046184,-0.079350,-0.006101,0.000603,-0.021729,-0.032405,-0.080255,-0.100489,0.022962,-0.032901,0.125251,0.054724,-0.069569,0.050259,0.026301,-0.013039,0.013087,0.022751,0.039646,-0.023926,-0.061394,0.003930,0.103403,0.074410,0.062187,-0.052041,0.080517,0.040600,-0.033089,0.004545,0.009577,0.010131,-0.005426,-0.075360,-0.042236,0.046573,-0.048508,0.085387,-0.027295,-0.028600,-0.000000,0.019976,-0.028147,-0.081644,0.058610,0.009684,0.032280,0.007557,0.071144,-0.076968,0.047247,0.106446,0.020562,0.008012,-0.038364,0.022397,-0.056786,-0.003836,-0.001478,-0.026140,-0.042214,0.061225,0.019509,0.032884,0.087813,0.005536,0.040979,-0.060433,-0.018778,-0.022044,-0.003330,0.010151,0.032477,-0.049051,0.072565,-0.026170,-0.052580,0.010085,-0.021125,-0.017008,0.092541,-0.007141,0.050503,0.015714,-0.084614,-0.007134,0.025697,0.043529,0.025252,0.126683,-0.026447,0.011293,-0.044139,0.061310,0.052814,-0.069313,0.004026,0.058825,0.040354,-0.041091,0.013312,0.067361,0.150518,-0.014868,0.020958,0.021911,0.017160,-0.075515,-0.062753,0.010936,-0.020216,0.015190,0.005703,0.101366,0.060523,-0.023778,0.015642,0.107637,-0.014255,0.062550,0.003966,0.000642,0.051675,0.006874,0.077313,-0.044801,-0.015587,-0.003667,-0.083471,-0.031736,0.040225,-0.007755,0.027445,-0.024596,0.052947,0.003378,-0.000000,-0.013652,-0.037781,-0.034322,-0.018287,-0.064016,-0.026294,-0.026333,-0.024508,-0.014938,0.042868,0.132753,0.022224,-0.100921,-0.022038,-0.076956,-0.079958,0.003473,0.093388,-0.034784,0.006645,0.095012,0.027744,0.012013,-0.058411,0.026863,-0.000622,0.035771,-0.026651,0.031280,-0.024337,-0.017174,0.029011,-0.019948,0.026492,-0.014969,0.128984,0.056572,0.019052,0.035919,0.120820,0.031903,-0.012241,0.002914,-0.069141,-0.010412,0.024817,-0.082295,-0.028778,0.036938,-0.083157,-0.025901,-0.020152,-0.008240,0.022963,-0.020380,0.014856,-0.031332,-0.026538,-0.017322,0.005487,0.062325,-0.117963,-0.033966,0.056111
balanced_advantage_002	0.059160,-0.025717,-0.103285,-0.029193,0.081908,0.065989,-0.002151,0.102208,-0.082910,0.013600,-0.011963,-0.087348,-0.008477,-0.065664,-0.020338,-0.012129,-0.024028,-0.084999,-0.008518,0.019524,-0.014316,-0.096526,0.029023,-0.004360,0.048894,-0.018781,0.020383,0.051316,0.046192,-0.002124,0.022933,0.065445,0.081415,-0.063357,0.046048,0.038721,-0.057616,-0.030398,-0.011882,-0.060967,-0.006946,-0.024549,-0.025798,-0.033271,0.033093,-0.044521,-0.081983,0.035656,0.037966,-0.006157,0.049087,0.037591,0.000071,-0.004359,-0.028743,0.018934,0.025524,0.001464,0.010011,0.002955,-0.054426,-0.046357,0.042998,-0.061939,0.005896,-0.036543,-0.013934,0.036144,-0.038717,0.012443,-0.053589,-0.049814,-0.126486,-0.110969,0.006367,0.074201,0.027186,0.025951,0.028049,-0.073152,-0.022991,0.057259,0.044594,0.002623,-0.008424,-0.050137,0.015186,-0.095216,0.014180,-0.017187,0.070824,0.057463,-0.003318,0.022772,-0.008789,0.024597,-0.106852,-0.003806,-0.047112,-0.028766,0.045716,0.025784,-0.010899,-0.063430,0.014960,0.003714,0.050924,0.017582,0.065184,-0.048069,0.000897,0.047651,0.021197,-0.044087,-0.027397,0.028515,-0.023043,-0.112807,0.006150,-0.008841,0.038147,0.010346,-0.002891,-0.072501,-0.064104,-0.068372,-0.035603,0.000000,-0.012100,0.041000,-0.026695,-0.050263,-0.052580,-0.060707,0.054049,-0.004995,-0.028820,-0.023787,-0.013314,0.060814,-0.076463,-0.102590,0.010619,-0.127832,-0.028199,0.109923,0.064047,0.004808,-0.052309,-0.012071,0.053175,-0.070061,0.133287,-0.017587,-0.009085,-0.034389,0.029724,0.046959,0.052883,-0.023576,-0.095082,-0.048062,-0.101951,-0.028260,-0.005180,0.013236,-0.040908,0.010766,-0.063288,0.067845,0.020294,-0.078249,-0.033760,-0.021868,0.104717,0.026528,-0.019571,0.078153,-0.066675,-0.093582,-0.054337,0.016595,0.038095,-0.017131,-0.053826,-0.042592,0.004363,0.050192,-0.016273,-0.064941,-0.113030,0.050358,-0.025484,0.091873,0.060583,-0.050446,0.015574,-0.027790,0.024055,-0.049451,0.008725,-0.020830,0.008227,-0.022044,0.013370,0.119690,0.076567,0.060195,-0.039234,0.076271,0.032504,-0.045572,-0.008220,-0.011991,0.040402,-0.009622,-0.105609,-0.045068,0.012715,-0.064075,0.057759,0.018890,0.026684,-0.000000,0.031532,0.029972,0.021241,-0.020954,0.024819,0.091840,0.068186,0.056061,-0.021883,0.040959,0.047432,0.025998,0.005346,-0.042790,-0.051299,-0.077305,0.019622,0.014140,-0.024184,-0.007322,0.091301,-0.011789,0.057774,0.108944,0.013960,0.022333,-0.056617,0.004135,-0.011385,0.018620,0.012668,-0.015183,-0.054130,0.071697,-0.011249,-0.094208,0.017303,0.047902,0.020871,0.076342,0.005063,-0.026271,0.039824,-0.047977,-0.019182,-0.048326,0.027223,-0.065878,0.069688,-0.045794,0.022456,-0.069062,0.029543,0.058276,-0.071309,0.035538,0.115375,0.070642,-0.044540,-0.050594,0.055889,0.100370,-0.041244,0.045506,-0.003105,0.029979,0.003718,-0.054821,0.063021,-0.127847,0.022912,0.041363,0.093712,0.025098,-0.035195,0.029963,0.054508,-0.053129,0.096141,0.027983,-0.055182,0.063132,-0.019817,0.027450,-0.057008,-0.093439,0.027822,-0.142519,-0.040589,0.040814,-0.101056,0.005731,0.017695,0.078565,0.016881,-0.000000,-0.026537,-0.008003,0.003740,0.015740,-0.017847,-0.078995,-0.035567,-0.001976,0.012787,0.059831,0.093552,0.021160,-0.028578,-0.020688,-0.055310,-0.065227,-0.000208,0.082077,-0.014515,-0.011522,0.099698,0.026298,0.034241,-0.013843,0.011895,-0.016161,0.044429,-0.050158,0.043089,-0.009064,0.051661,0.001352,0.002050,0.038103,-0.022072,0.083659,0.025167,-0.020388,0.023529,0.155043,0.011119,-0.001676,0.040670,-0.080714,0.009282,0.058997,-0.099004,0.044899,0.029002,-0.056778,0.070552,-0.006766,-0.027389,-0.014765,-0.009191,0.010474,-0.033847,0.043592,-0.029355,0.002513,0.045933,-0.054892,-0.015589,0.062183
balanced_advantage_003	0.014495,-0.038283,-0.064903,-0.006925,0.069053,-0.004899,0.097215,0.010279,-0.047569,0.008832,0.042694,0.004484,-0.056490,0.008247,-0.054103,-0.042920,-0.029359,-0.024909,-0.049933,0.049940,0.078767,-0.018144,0.030931,0.040620,0.077200,-0.058478,0.022779,-0.017376,-0.049979,-0.013306,0.048884,0.040389,-0.080306,-0.069367,0.007260,0.059401,0.033214,-0.051710,0.049597,-0.045519,-0.025281,0.006805,-0.054486,-0.034850,0.018491,0.006369,0.027491,0.047840,0.024225,0.086939,0.018361,0.114495,-0.045195,-0.000491,-0.030638,-0.091902,-0.028989,0.051354,-0.033004,-0.045259,-0.093389,-0.048155,0.028486,-0.017707,0.017887,-0.017798,-0.040691,-0.020297,-0.037761,-0.020505,-0.014247,-0.049254,-0.048910,-0.075075,-0.055336,0.010074,-0.034405,0.081034,-0.070418,-0.100627,0.000538,0.035155,0.063225,-0.036790,0.024505,-0.046583,0.061444,0.011577,0.099792,0.089153,0.109192,0.007958,-0.004930,0.046827,-0.038119,-0.013081,-0.033497,-0.003296,-0.031556,0.014353,-0.001479,0.005653,-0.082898,-0.047445,-0.013662,-0.003042,0.037852,-0.033007,0.017219,-0.033994,-0.007124,0.066623,-0.026224,-0.032194,-0.029945,0.022341,-0.038767,-0.045089,0.097074,-0.071411,0.049547,-0.010330,-0.058329,-0.060772,-0.062186,-0.089188,0.012803,0.000000,-0.014137,0.058176,0.004011,-0.057467,-0.101840,-0.013767,0.083618,0.026160,-0.029744,-0.049618,0.031496,-0.008992,0.036335,-0.025149,0.025418,-0.014578,-0.018775,0.092213,0.133332,-0.000005,0.050030,-0.027825,0.027023,-0.025287,-0.008640,0.081075,-0.043397,-0.057328,-0.029102,0.043837,0.095892,0.041703,0.069232,-0.086936,-0.067356,0.075935,0.028988,0.031241,-0.016769,0.007785,-0.011065,0.043071,0.064207,-0.041082,-0.154047,-0.050667,0.113279,0.038000,-0.030696,0.004923,-0.040811,-0.093312,0.037045,0.011215,0.015891,-0.042566,-0.034005,-0.042472,-0.054388,0.005225,0.055030,-0.069481,-0.066960,0.031064,-0.030106,-0.002976,0.052206,0.000143,0.001855,0.020064,-0.003018,-0.022064,0.010742,-0.015769,0.042532,0.030292,0.015345,0.011961,0.093353,0.077665,-0.038913,-0.026142,-0.085278,-0.070219,0.009969,0.026835,0.055870,0.029790,-0.029241,0.007880,0.075935,-0.068222,0.035886,-0.048781,0.020912,-0.000000,0.031010,0.053221,0.044853,0.015411,-0.059537,0.026447,0.033236,0.087573,-0.063482,0.134721,-0.050126,-0.013684,0.007473,0.022536,-0.048428,-0.070844,-0.038551,0.064120,0.021358,-0.080815,0.037496,0.074611,0.117338,0.091855,-0.060792,0.021379,-0.049458,0.040569,-0.007446,-0.003169,0.057079,-0.013994,-0.033615,-0.010666,-0.006855,-0.022307,0.026771,0.014041,0.043933,0.079161,-0.015346,0.042861,0.043036,-0.023838,0.074195,-0.146163,-0.045147,0.077524,0.097575,-0.019123,0.003814,0.002345,0.021114,-0.048231,-0.041263,0.063094,-0.027720,0.033541,-0.063409,-0.013053,0.033778,0.029403,-0.024629,0.068886,-0.044479,-0.038343,0.034662,-0.042984,0.105571,-0.041467,0.009687,-0.060870,0.037446,-0.020626,-0.028397,0.010806,0.069611,0.018612,0.061323,0.030268,0.030997,-0.026297,-0.016659,-0.012716,0.025083,-0.059499,0.022862,-0.036899,0.016942,-0.004565,-0.001214,-0.024165,0.069924,0.048407,-0.000175,-0.000000,-0.024959,-0.020410,0.008895,0.040232,-0.062612,0.017144,0.006344,-0.045910,-0.017752,0.002306,0.101942,-0.032371,-0.085488,-0.030557,-0.090737,-0.044368,-0.017602,0.047968,-0.046740,0.017961,0.113250,0.005438,0.001540,-0.011674,0.005105,-0.020417,0.051538,0.002283,-0.003621,-0.032341,0.036869,-0.004276,0.027703,-0.002887,-0.065735,-0.022475,0.004204,0.039364,0.057610,0.127035,0.001210,-0.065714,0.029194,-0.032412,-0.064141,-0.012644,-0.161200,-0.043721,-0.050118,-0.142619,0.039580,0.075912,-0.078954,-0.000267,-0.063757,0.047882,-0.088609,0.068259,-0.078166,-0.032398,0.087990,-0.077270,-0.054111,0.004840
balanced_advantage_004	0.027770,-0.044377,-0.122964,0.063195,0.133705,-0.020694,0.060834,-0.055833,0.039364,-0.036729,-0.023591,-0.023970,0.004141,0.079582,-0.087347,-0.105324,-0.024160,0.055493,-0.021638,0.089144,-0.023327,0.041165,0.065864,0.056465,0.064184,-0.055232,0.028754,0.007777,-0.061565,0.007027,0.051453,-0.004007,-0.013507,-0.060001,0.016997,0.048851,-0.049284,-0.028562,0.037460,0.012799,-0.067613,0.063786,-0.048899,-0.002545,-0.067969,0.059641,-0.063461,0.022191,-0.011596,0.082617,0.059301,0.057084,-0.072090,-0.020725,-0.025420,-0.003657,-0.071420,-0.061208,-0.047373,-0.063837,-0.059902,-0.046913,0.025237,0.016612,0.028765,0.014712,0.031186,0.075552,-0.075327,-0.006044,-0.011941,-0.003100,-0.020633,-0.064688,0.021361,0.075423,0.006165,0.071689,-0.022464,0.000418,-0.031404,0.040222,0.066261,0.006858,-0.004970,-0.037573,0.085497,-0.064364,0.039100,-0.027398,0.027410,-0.011781,-0.004618,-0.065266,0.072818,0.022313,-0.055155,-0.001653,-0.014729,-0.033116,-0.000500,-0.032343,0.047388,-0.053106,0.011884,-0.013012,0.088566,0.035955,0.074828,0.003025,-0.009839,0.028535,0.016336,-0.018509,0.027591,-0.025180,0.019010,-0.038353,0.102715,0.036585,0.049259,0.020925,-0.039369,-0.043047,0.002023,-0.098022,-0.081866,-0.000000,-0.040215,-0.021542,0.021066,0.024260,-0.087269,0.049382,0.004124,0.046083,-0.043932,-0.060299,-0.020379,0.065749,-0.019880,-0.031819,0.016867,-0.077687,-0.013467,0.168309,0.125150,-0.054599,-0.021218,0.022260,0.044717,-0.041951,-0.013155,-0.039987,-0.039178,0.006948,0.024315,-0.013780,0.008512,0.054217,0.073526,-0.046919,-0.061993,0.026329,0.001441,0.091285,0.034014,0.023631,-0.072049,-0.037276,-0.015455,-0.084142,-0.065782,-0.018409,0.131412,0.008291,-0.095639,-0.049941,-0.065700,-0.096475,-0.000274,0.006253,0.076523,-0.065214,-0.022669,-0.019166,-0.101337,0.031489,0.017032,0.005407,-0.052781,-0.026771,-0.030751,-0.104069,-0.015345,0.056362,-0.009681,0.020992,-0.000709,-0.010391,-0.015716,0.119643,-0.006814,0.044536,0.025157,-0.022052,-0.029154,0.066215,-0.109469,-0.012013,0.008736,0.033264,-0.106666,-0.020580,0.074530,0.047791,-0.090404,-0.039111,0.088086,-0.046648,-0.025672,-0.024485,0.055209,-0.000000,0.037899,0.004578,0.068731,0.011343,-0.019340,0.002128,0.003582,-0.018627,0.034954,0.033857,-0.116050,0.022432,-0.047224,-0.070566,-0.049764,-0.061611,-0.022579,0.013914,-0.013791,-0.009216,0.053229,0.017715,0.115416,-0.080206,-0.082387,0.009080,-0.014975,0.010865,-0.012746,0.066846,-0.033917,-0.092648,-0.032361,0.024744,-0.001344,-0.048138,-0.031653,0.051955,0.008000,0.033269,0.038180,0.006812,0.016642,-0.062076,0.115695,-0.116362,0.002721,-0.060746,0.076304,-0.051491,-0.044276,-0.038184,0.005790,0.023622,-0.100351,0.051115,-0.008766,0.051774,0.028037,0.042606,0.052711,0.088768,0.017702,0.054231,-0.109955,0.013353,-0.000255,-0.025071,0.018164,0.059274,-0.005263,0.002169,0.023095,0.070153,-0.031564,0.016854,0.015791,-0.026843,0.000268,-0.033625,0.050309,-0.020752,-0.045827,-0.031289,-0.026929,-0.066865,0.056174,-0.018105,0.003706,-0.017257,0.048785,-0.109223,0.069238,0.086275,-0.042997,-0.000000,-0.033872,-0.040616,0.015863,-0.031264,-0.041865,-0.044643,-0.003811,-0.030268,0.059934,0.098151,0.088811,0.015874,-0.055755,0.067940,-0.054984,-0.031590,-0.017462,0.007088,0.007200,0.006253,0.008880,0.030962,-0.027776,0.012186,0.062034,-0.063567,-0.003430,0.049277,-0.014119,-0.095429,0.054486,0.029646,-0.050433,-0.001356,-0.012708,0.037185,-0.035005,0.056355,-0.012034,0.112585,0.009590,-0.019935,0.053315,-0.020278,0.059567,0.014539,-0.105775,-0.004788,-0.033460,-0.108898,0.022181,0.077565,-0.019719,0.035952,-0.056125,-0.045121,-0.028141,0.031852,-0.079208,0.006078,0.030298,0.001471,0.010275,-0.032414
balanced_advantage_005	0.048231,0.032975,-0.054040,0.065275,0.083550,-0.015432,0.096510,0.000811,0.079094,-0.005865,-0.034996,0.015533,-0.030694,-0.028451,-0.096908,-0.028463,0.009324,-0.012709,-0.033011,0.058079,0.006269,-0.021954,-0.036521,0.002474,0.026217,-0.009202,-0.048712,-0.030413,0.004373,-0.010028,-0.027959,-0.011347,-0.105394,-0.082440,0.021828,0.060531,-0.049061,-0.067436,0.011131,0.028047,0.004221,0.050306,0.032495,0.033844,-0.010098,0.057702,-0.073619,0.016312,0.004079,0.093184,0.068078,0.018454,0.029240,0.110629,-0.017873,0.004992,0.161442,-0.104321,-0.048619,0.041175,0.003205,0.015033,-0.029873,0.004203,0.045952,0.014198,-0.008433,-0.018581,-0.034512,-0.016287,-0.070323,-0.118316,-0.025035,0.000736,-0.007147,0.015526,0.042401,0.044866,-0.030329,-0.044251,0.023608,0.036918,0.041849,-0.010469,-0.026199,-0.009299,0.053701,-0.041002,0.161674,0.089319,-0.054543,0.110743,-0.012666,0.047620,0.033580,-0.019489,-0.025304,-0.045706,-0.011049,0.012379,-0.004354,-0.026380,0.073281,-0.003443,-0.021442,-0.064174,0.004254,0.014053,0.043316,-0.000197,-0.013819,-0.033370,0.038885,-0.071598,0.066556,0.037311,-0.063210,0.038832,0.066925,-0.008252,0.076151,0.095462,-0.035409,-0.080519,-0.012525,-0.019288,-0.001527,-0.000000,-0.032765,-0.132720,0.000934,0.052527,-0.042798,-0.012605,0.027340,0.003729,-0.010241,-0.008169,0.016505,-0.007638,-0.021134,-0.000264,0.079879,-0.058559,0.042880,0.065758,0.107861,-0.042631,0.050948,-0.002387,0.009065,-0.041597,0.033551,0.039257,-0.066572,-0.007735,-0.025726,0.011945,0.032504,-0.019909,0.010106,-0.081821,-0.039627,-0.064158,-0.057897,0.009227,0.004462,-0.078285,-0.046978,-0.019260,0.016558,-0.014597,-0.142379,-0.071121,0.120081,0.006094,-0.071257,0.004021,-0.003684,-0.110222,0.016084,0.016958,-0.002955,-0.027611,-0.069028,-0.039760,-0.005130,-0.046940,0.001666,0.021653,-0.067514,0.057926,-0.029460,-0.028124,-0.030580,-0.023251,-0.009723,0.065144,-0.042656,-0.060711,0.077542,0.002120,0.020200,-0.005897,-0.029460,-0.002732,0.054777,0.095090,0.046778,-0.031952,-0.028678,-0.055229,0.035606,0.050714,0.058967,-0.093013,-0.085265,-0.043125,-0.027453,-0.017292,-0.063679,0.066960,-0.019029,-0.000000,-0.004873,0.016236,-0.028761,0.003080,-0.016057,0.038878,0.017552,-0.010937,0.003497,0.100097,-0.046705,-0.062324,-0.093171,0.040276,-0.044609,-0.113652,0.021293,-0.057675,0.004364,0.006802,0.043974,-0.026658,-0.040287,-0.018335,-0.023969,-0.042341,-0.038512,-0.030571,-0.144696,0.017416,0.041578,-0.015764,0.022095,0.104044,-0.054157,0.012669,-0.002327,0.003450,0.007305,0.016033,0.006511,0.057773,0.110869,-0.019032,0.016309,-0.010889,-0.052131,-0.012737,0.005265,-0.017476,-0.049334,-0.006884,-0.000430,0.067173,-0.060829,0.009276,-0.007885,0.039683,-0.013266,0.011752,0.090126,0.015566,0.085403,0.003755,-0.031121,-0.037618,-0.018800,-0.009427,-0.007685,-0.009847,-0.056300,0.034601,0.050426,0.015031,-0.017891,0.027412,0.049930,-0.137683,-0.011889,0.013134,0.018214,-0.070781,0.004299,0.070238,0.030525,-0.065940,-0.031899,-0.030431,0.027479,0.028758,0.029091,-0.048447,0.026036,0.055400,0.014767,-0.000000,-0.054966,0.008744,0.076085,-0.059912,0.001258,-0.055532,0.093894,0.035861,0.029830,0.035330,0.102441,0.008952,-0.050175,0.094011,-0.106253,-0.007532,0.025984,0.056684,0.042066,-0.031669,-0.003454,-0.045940,-0.021856,-0.027885,0.034939,-0.060850,0.073462,-0.003751,0.004560,-0.039667,0.020902,0.033644,-0.014011,-0.012267,-0.117150,0.177156,-0.038819,0.003892,0.021300,0.122148,-0.014766,0.066815,0.020773,-0.010661,0.006538,0.016733,-0.116607,0.082434,-0.056752,-0.113572,0.047539,-0.039458,-0.053455,0.076674,0.033270,-0.103527,-0.015489,0.049932,-0.078975,0.021361,0.010994,-0.030478,0.047379,-0.000737
balanced_advantage_006	0.019079,-0.019227,-0.074284,0.048218,0.104308,0.051710,0.063410,0.046390,0.047982,0.018447,-0.016429,-0.013719,-0.086556,-0.044869,-0.063021,-0.064333,0.015892,-0.017791,-0.005510,0.036183,-0.021356,-0.025454,-0.053599,0.041270,0.012796,-0.025572,-0.014611,0.005882,0.000055,-0.000384,-0.023173,-0.009819,-0.109954,-0.061135,0.053608,0.064510,-0.066282,-0.067904,-0.011897,-0.020114,0.019247,-0.004208,0.013817,0.035023,0.030740,0.038761,-0.047507,0.039030,0.024416,0.030694,0.020510,0.031296,0.034634,0.099995,-0.014544,0.079208,0.157758,-0.084141,-0.003107,0.072706,-0.049297,0.005240,-0.027103,-0.008820,0.060790,0.004898,-0.014737,0.009007,0.056176,-0.002680,-0.085096,-0.108576,-0.092266,0.024674,0.002736,-0.005245,0.014147,0.040359,-0.009348,-0.073525,-0.024422,0.043585,0.082826,-0.022477,-0.000647,-0.023273,0.073942,-0.072759,0.142463,0.062099,0.012297,0.114274,0.019166,0.026778,0.010779,-0.053317,-0.018833,-0.034208,0.001875,-0.007826,0.045711,-0.011199,-0.025111,-0.035629,-0.008797,-0.004814,-0.014115,0.030535,0.075610,-0.033622,-0.044023,0.013489,0.055609,-0.090886,0.035381,0.042866,-0.091097,-0.008580,0.013594,-0.057271,0.036682,0.009617,-0.049452,-0.116296,0.012466,-0.064837,0.032082,-0.000000,0.004704,-0.062041,-0.019828,0.017759,-0.041827,-0.016416,0.030666,-0.003287,-0.025432,0.014471,0.031358,0.005283,-0.064029,-0.060372,0.006839,-0.107191,0.014608,0.068909,0.105769,0.013856,0.039398,0.018459,0.063357,-0.074922,0.037963,0.053722,-0.041045,-0.030055,0.047583,0.037409,0.005234,-0.032265,-0.040134,-0.051706,-0.065680,-0.067123,-0.051204,-0.029812,-0.027685,-0.047842,-0.013173,0.038537,0.000609,-0.026269,-0.096819,-0.083432,0.139367,0.001639,-0.081391,0.016147,-0.020624,-0.140622,0.022049,0.015115,0.005625,-0.020432,-0.048078,-0.026969,0.013961,0.013152,0.003415,0.015179,-0.100261,0.063083,-0.050079,0.007585,-0.018220,-0.071073,-0.027284,0.001089,-0.001751,-0.029759,0.062263,-0.022256,0.052044,-0.049058,-0.076863,0.031522,0.074387,0.069339,0.033678,0.017044,0.013514,-0.004445,0.050612,0.020951,0.041024,-0.095958,-0.133676,-0.065342,-0.062226,-0.036793,0.031955,0.044831,0.041694,-0.000000,-0.007093,-0.007096,-0.020882,0.025478,-0.017537,0.042613,0.007663,0.040593,0.027945,0.092272,0.041359,-0.081529,-0.077135,-0.000918,-0.027474,-0.147594,0.027377,-0.045012,-0.033958,0.033931,0.084607,-0.053530,-0.034752,0.030689,0.012560,-0.025404,-0.016857,0.046562,-0.117131,0.013635,0.068597,-0.002340,-0.042569,0.105869,-0.038924,0.000546,0.029099,0.055591,-0.040335,0.080812,0.033467,0.033175,0.079325,-0.026172,-0.030980,-0.017035,-0.073276,0.004247,0.019598,0.021171,-0.045966,-0.061305,0.017739,0.056799,-0.079701,0.032882,0.050672,0.076794,-0.002046,0.009210,0.109153,0.039167,0.059188,0.039799,-0.005804,-0.015281,-0.003683,-0.039044,0.013849,-0.030675,0.021725,0.044953,0.049218,0.023098,0.013335,0.034860,0.051950,-0.102400,0.013380,-0.008225,0.043011,-0.071677,-0.010848,0.056291,0.036933,-0.054817,-0.023751,-0.093682,0.008374,0.037376,0.021515,-0.080850,0.068677,0.085231,-0.015855,-0.000000,-0.029202,-0.002912,0.070028,-0.057376,-0.031211,-0.073925,0.059249,0.014063,0.012957,0.008496,0.125220,0.031223,-0.015842,0.045385,-0.074999,-0.035627,0.052336,0.027466,-0.003674,-0.013576,0.025383,-0.059791,0.001654,0.001052,0.056460,-0.058272,0.088115,-0.028593,0.021986,-0.028891,0.016044,0.026062,0.015101,0.060515,-0.063415,0.163602,-0.034612,0.007239,-0.015332,0.119814,-0.017940,0.060871,-0.003331,-0.020368,0.022177,0.033195,-0.102726,0.055107,-0.016667,-0.096252,0.030686,-0.058161,-0.051821,0.015555,-0.008698,-0.050415,-0.000231,0.052039,-0.065389,0.000256,0.014495,-0.030820,0.001696,0.014458
balanced_advantage_007	0.027352,-0.046781,-0.120133,-0.017705,0.083700,0.073783,0.026698,0.084250,-0.010774,0.021626,-0.037810,-0.063418,-0.063643,-0.045753,0.002145,-0.074728,-0.051166,0.006851,0.059381,0.000194,-0.010051,0.002964,-0.009833,0.030231,-0.005531,-0.016961,0.061748,0.043078,-0.018337,-0.008111,-0.018472,0.002468,-0.014479,-0.035680,0.038466,0.065925,-0.055023,-0.024522,-0.004504,-0.012555,0.022154,-0.043573,-0.010522,-0.044219,0.046512,0.006133,-0.025067,0.070751,0.046075,-0.003080,-0.063320,0.047456,0.023821,0.045861,-0.013024,0.089150,0.028330,-0.004667,0.029116,0.007879,-0.070884,-0.030133,0.073072,-0.027416,0.015636,-0.012142,-0.035101,0.071588,0.077640,-0.075953,-0.085590,-0.047174,-0.086688,-0.029893,-0.016434,0.004802,-0.022691,0.094562,0.013797,-0.114135,-0.045140,0.048548,0.117647,0.008030,0.006928,0.055629,0.075121,-0.023018,0.019314,0.036007,0.062448,0.044847,0.022707,-0.021409,-0.050234,-0.037793,-0.027517,-0.010839,0.061330,0.003612,0.041611,-0.032159,-0.103674,-0.080341,-0.044174,0.058664,-0.013829,0.081515,0.070971,-0.048738,-0.078459,0.095580,-0.015513,-0.101404,-0.025327,-0.004203,-0.123934,-0.077266,-0.029698,-0.083970,0.026849,-0.104486,-0.017543,-0.078634,0.029027,-0.082618,-0.015438,-0.000000,0.028713,0.101233,0.045529,-0.062076,-0.049080,-0.044423,0.061936,-0.018489,-0.024794,0.018773,-0.022172,0.082114,-0.064622,-0.078216,-0.108350,-0.074555,-0.030488,0.066940,0.055845,0.060382,0.016750,0.093877,0.073522,-0.032755,0.064383,0.041356,0.003639,-0.011304,0.065720,0.044203,0.016991,-0.053402,-0.062715,-0.051738,-0.015560,-0.010395,-0.032851,-0.053702,-0.068509,0.035257,0.049664,0.033527,0.013503,-0.038450,-0.080974,0.013530,0.048945,0.043716,0.052636,0.028948,-0.033990,-0.104853,0.000660,-0.047320,0.058732,-0.044302,-0.054221,-0.002218,0.009005,0.025205,0.014554,-0.048451,-0.079966,-0.017985,-0.111361,-0.012315,-0.002003,-0.073385,0.014630,-0.074185,0.024560,0.047897,0.057092,0.010574,0.031103,-0.069324,-0.079070,0.068339,0.008318,0.061927,0.002720,0.058865,0.043940,0.001385,0.054885,-0.004080,0.030345,-0.024376,-0.089267,-0.057496,-0.018256,-0.008531,0.082152,0.031650,0.027412,-0.000000,-0.009114,-0.034143,-0.014611,-0.000327,-0.034290,0.016340,0.010191,0.083936,0.041989,0.008263,0.112349,-0.030268,-0.039766,-0.035984,-0.037582,-0.097021,0.032209,-0.036383,-0.014780,-0.023572,0.060488,-0.051725,-0.004744,0.063426,-0.004413,0.012082,-0.023711,0.088247,0.016481,0.015486,0.073381,0.002550,-0.120618,0.091185,0.007926,-0.075960,0.039220,0.018756,-0.005510,0.097381,0.002959,-0.024018,0.048849,-0.002648,-0.029188,-0.025075,-0.051879,0.019753,0.088983,0.017086,0.039782,-0.061953,0.012076,-0.001841,-0.045018,0.072382,0.068335,0.057738,0.045635,0.021743,0.067734,0.052413,-0.047531,0.116693,-0.018587,0.044390,-0.000053,-0.091221,-0.007937,-0.055097,0.124436,-0.038636,0.026247,0.051793,0.032144,0.022854,0.051914,0.019490,0.022909,0.038812,0.081330,-0.001487,-0.005745,0.055068,-0.025136,-0.002413,0.014535,-0.138707,-0.018575,0.018298,-0.067360,-0.059021,0.056747,0.104499,-0.002123,-0.000000,-0.017818,-0.082180,0.015454,-0.059319,-0.050898,-0.037126,0.000613,-0.005968,-0.025931,-0.031043,0.039070,0.025711,-0.031426,-0.055821,0.012472,-0.023274,0.028290,0.045571,-0.005628,-0.001207,0.057116,-0.021208,0.061538,-0.011579,0.051562,-0.024886,0.083924,-0.030097,0.017551,-0.025276,0.002276,0.015646,0.077824,0.055122,0.020758,0.089469,-0.006107,0.064298,-0.004277,0.107551,-0.026488,-0.017285,-0.002600,-0.050482,0.009921,0.018485,-0.045085,-0.017737,0.029127,-0.119774,-0.015098,-0.041465,-0.025572,-0.044314,-0.122814,0.036635,0.003074,0.015675,-0.007987,-0.072739,0.014211,0.033197,0.020465,0.033867
